Scenario,Method,Session 1 RMSE (ms),Session 2 RMSE (ms),Abs. difference (ms),Relative difference (%)
clean,Joint Huber,0.10464461436489517,0.1049183178566046,0.0002737034917094372,0.26155525859652434
clean,Joint OLS,0.10410654244017563,0.10391517783048443,0.00019136460969119973,0.18381612260455826
clean,Offset-only,18.396147731165666,20.99735992875555,2.6012121975898843,14.139983194324236
clean,Raw,139.21945268276403,117.5859186135271,21.63353406923693,15.539160406364143
nominal,Joint Huber,1.0575529752925403,1.0528974813117307,0.004655493980809666,0.4402137849900014
nominal,Joint OLS,4.179035450556908,4.160977932344899,0.01805751821200907,0.4320977513986555
nominal,Offset-only,18.584920898807837,18.90515783949608,0.32023694068824327,1.723100907622294
nominal,Raw,129.82580146112542,125.7160200865172,4.109781374608218,3.1656121728921787
stress,Joint Huber,5.768456891827799,5.645776454067441,0.12268043776035764,2.126746200256079
stress,Joint OLS,15.513083036074786,14.978535257173215,0.5345477789015707,3.4457868733024277
stress,Offset-only,91.80787394707906,92.6729641101636,0.8650901630845453,0.94228318976563
stress,Raw,305.03330506453165,322.34468020084455,17.311375136312904,5.6752409815218625
