scenario,anchor_count,rmse_25_ms,rmse_100_ms,rmse_reduction_25_to_100_pct,condition_25,condition_100,condition_reduction_25_to_100_pct,sigma_min_25,sigma_min_100,sigma_min_increase_25_to_100_pct,convergence_rate_25,convergence_rate_100
clean,4,0.250973616322929,0.134913974373998,46.2437620532975,885.674138448788,343.082232910295,61.2631533408906,0.137745819973267,0.428683382630881,211.213351311915,0.76,0.8
clean,6,0.204286544537907,0.125589740827073,38.5227543443182,965.325929361307,365.753150825369,62.1109161475271,0.153804555747309,0.478800475247387,211.304481795731,0.82,0.9
clean,8,0.190629557867439,0.117063380908838,38.5911701110684,1009.30834586995,383.844848355337,61.9695160625576,0.170006111480491,0.518291646633323,204.866479281128,0.92,0.96
clean,12,0.180408228579228,0.113627777866476,37.0162997767171,1049.15375655036,409.589664302652,60.9599964023013,0.198622890559794,0.591157240017114,197.627951315687,0.98,0.98
clean,16,0.16651665444885,0.110658661231776,33.5449888793149,1068.44581873435,431.434030233961,59.6204110054897,0.225866679676028,0.642009841298165,184.242829539546,0.98,1
clean,24,0.141723414729242,0.108128467714583,23.7045847920339,1099.9977078577,477.651788241661,56.5770196765308,0.266761115134396,0.706525795670395,164.853367146273,1,1
nominal,4,3.0368182434559,1.38053820127494,54.539979327051,909.956373740486,358.762216762076,60.5736904410768,0.132530710054756,0.409892824227439,209.281391503968,0.52,0.58
nominal,6,2.24445521797201,1.23370923199758,45.0330208364636,968.572221667117,369.882149973193,61.8116087062101,0.152037635565338,0.472307830855016,210.651917927283,0.64,0.74
nominal,8,2.05035437400769,1.21144999416747,40.9150920677419,1010.64099450133,386.485674811327,61.7583615829846,0.168272963956083,0.516515192442655,206.950790132548,0.62,0.84
nominal,12,1.84233753902063,1.15336501728248,37.3966500245336,1022.09128009748,408.596897307251,60.0234435746011,0.193628991939009,0.576485770262529,197.726990410669,0.72,0.8
nominal,16,1.83074629646306,1.14946652182758,37.2132269747965,1035.67279820215,420.671127572118,59.3818503003679,0.219497846624304,0.633991523580723,188.837240697797,0.82,0.84
nominal,24,1.60849280135525,1.09471694543846,31.9414457735778,1067.27878937772,464.803427632206,56.4496706710333,0.263550766959652,0.70260626880254,166.592382525718,0.98,0.98
stress,4,29.7802014187185,10.7109108119652,64.0334507434433,1177.41410368514,361.567243345301,69.2914122385959,0.0884195662545605,0.361680329457762,309.050105964648,0.26,0.26
stress,6,97.6322143976042,23.3228752832883,76.1114961622128,1097.91841731755,415.547165083406,62.1513622024233,0.133191356441569,0.400405626415878,200.624332624419,0.12,0.2
stress,8,15.2763258028076,8.40688729056593,44.9678712074807,1024.03787645874,379.74320597071,62.9170741922249,0.144847046475525,0.496232962471476,242.591012068254,0.18,0.26
stress,12,15.2660305828096,7.46658300651592,51.0902132285539,992.219942922831,384.037615842011,61.2951121793891,0.182712031115361,0.560455126532645,206.742321844577,0.26,0.42
stress,16,13.587085678571,6.45072241913901,52.5231343075077,1005.89095604891,400.975491782843,60.137280351157,0.206348522865651,0.617266773033145,199.137965448405,0.48,0.52
stress,24,11.2948761032871,6.06406216477991,46.3113883735731,988.651835561989,427.7013737645,56.7389288746551,0.249290763999739,0.681732799744897,173.468935955289,0.76,0.82
