scenario,anchor_count,temporal_span_fraction,n,identifiable_rate,convergence_rate,median_sigma_min,median_condition,median_rmse_ms,median_mae_ms
clean,4,0.25,50,1,0.76,0.138339431266948,882.574374198397,0.250973616322929,0.19810187017176
clean,4,0.5,50,1,0.8,0.261324591578862,487.752487498038,0.166027393976813,0.131366548745281
clean,4,1,50,1,0.8,0.429472310593138,342.561537133143,0.134913974373998,0.107600331759917
clean,6,0.25,50,1,0.82,0.154409795876413,959.14312770376,0.204286544537907,0.163221854754078
clean,6,0.5,50,1,0.86,0.291656614995145,529.970891266556,0.140861640120829,0.114482816152696
clean,6,1,50,1,0.9,0.479915570836897,364.896458677647,0.125589740827073,0.100444346576117
clean,8,0.25,50,1,0.92,0.170414668202183,1008.62940441416,0.190629557867439,0.148138882969773
clean,8,0.5,50,1,0.98,0.320086098122522,555.760736838693,0.134796778511354,0.106731427592805
clean,8,1,50,1,0.96,0.518676621126315,382.754293953144,0.117063380908838,0.0937168402662359
clean,12,0.25,50,1,0.98,0.198896845941879,1047.35612741927,0.180408228579228,0.138507886083572
clean,12,0.5,50,1,0.96,0.371181722955501,581.320177457043,0.129510439533137,0.102694517852424
clean,12,1,50,1,0.98,0.591218170970517,409.458548818905,0.113627777866476,0.0912298286032894
clean,16,0.25,50,1,0.98,0.225906386035326,1068.15087497121,0.16651665444885,0.127974524165943
clean,16,0.5,50,1,1,0.414409101323581,600.913743167222,0.121436052090616,0.0963868545711427
clean,16,1,50,1,1,0.642009841298165,431.434030233961,0.110658661231776,0.0879469470560241
clean,24,0.25,50,1,1,0.266761115134396,1099.9977078577,0.141723414729242,0.112043900859643
clean,24,0.5,50,1,1,0.479518956373198,633.228053001026,0.11597991603504,0.0927589724275733
clean,24,1,50,1,1,0.706525795670395,477.651788241661,0.108128467714583,0.0861558513125174
nominal,4,0.25,50,0.94,0.52,0.13219582451407,917.54288324473,3.0368182434559,2.28428767044198
nominal,4,0.5,50,0.94,0.52,0.249202578098125,507.559687827847,1.79459793489912,1.40416576142378
nominal,4,1,50,0.94,0.58,0.411723151269008,356.735575641792,1.38053820127494,1.09886278233493
nominal,6,0.25,50,1,0.64,0.152053317125628,973.724249743555,2.24445521797201,1.72327667238527
nominal,6,0.5,50,1,0.74,0.287165446383324,535.681440055288,1.48710734189494,1.16585410007057
nominal,6,1,50,1,0.74,0.472954412297626,369.296481499984,1.23370923199758,0.971997352017244
nominal,8,0.25,50,1,0.62,0.170075676410491,1010.59782820181,2.05035437400769,1.59719557020863
nominal,8,0.5,50,1,0.78,0.317240701968643,557.646128244465,1.43487532576073,1.15547433909232
nominal,8,1,50,1,0.84,0.517562603303586,385.11223615452,1.21144999416747,0.967379977498932
nominal,12,0.25,50,1,0.72,0.197288833254401,1028.70602657536,1.84233753902063,1.42720301568993
nominal,12,0.5,50,1,0.7,0.367098141684273,576.960710375636,1.31075823381137,1.0299403986285
nominal,12,1,50,1,0.8,0.583596036121482,408.102118841324,1.15336501728248,0.91545905083146
nominal,16,0.25,50,1,0.82,0.220642189383833,1039.27129148138,1.83074629646306,1.42568763510333
nominal,16,0.5,50,1,0.9,0.40586025380131,583.452270622621,1.29331372119203,1.0326046838813
nominal,16,1,50,1,0.84,0.635582925747814,422.768278942381,1.14946652182758,0.916799143542997
nominal,24,0.25,50,1,0.98,0.26372344778727,1067.79856996912,1.60849280135525,1.27055635626971
nominal,24,0.5,50,1,0.94,0.473710940432743,617.053290735951,1.21233499521771,0.973447513424452
nominal,24,1,50,1,0.98,0.702697738013395,464.877741683037,1.09471694543846,0.872361387438905
stress,4,0.25,50,0.66,0.26,0.0831798452795233,1425.08146148637,29.7802014187185,21.2677220431605
stress,4,0.5,50,0.66,0.26,0.178761223406174,709.578333182078,16.7555372185397,12.0669934957323
stress,4,1,50,0.66,0.26,0.308003671989951,469.577735706047,10.7109108119652,8.26749559833846
stress,6,0.25,50,0.98,0.12,0.139633083968326,1036.60912039085,97.6322143976042,59.6632217199848
stress,6,0.5,50,0.98,0.2,0.258993344635893,574.020752853019,36.4774745708699,23.035145802673
stress,6,1,50,0.98,0.2,0.437710630469528,394.217303940799,23.3228752832883,15.0435105376362
stress,8,0.25,50,1,0.18,0.158801826716053,999.025569808422,15.2763258028076,12.0955689965723
stress,8,0.5,50,1,0.3,0.30061665733082,556.13074707616,10.4818149434433,8.19385494774795
stress,8,1,50,1,0.26,0.503044590159367,387.181599519949,8.40688729056593,6.89972133013939
stress,12,0.25,50,1,0.26,0.188065967684784,1017.12885849719,15.2660305828096,11.8600107133118
stress,12,0.5,50,1,0.4,0.352828316154927,557.422348069417,10.0744983017979,7.59374942858046
stress,12,1,50,1,0.42,0.572947855210339,399.054688857441,7.46658300651592,5.97940867129805
stress,16,0.25,50,1,0.48,0.212301996415627,1025.83894336415,13.587085678571,10.2573207092763
stress,16,0.5,50,1,0.44,0.394138814285992,571.857528760763,8.25298234459979,6.52256027584573
stress,16,1,50,1,0.52,0.622751922489988,407.652935946359,6.45072241913901,5.12896113111072
stress,24,0.25,50,1,0.76,0.250537153805041,995.252165464864,11.2948761032871,8.5590113542667
stress,24,0.5,50,1,0.76,0.456712726403511,568.327448300912,7.47753777709512,5.88927747617486
stress,24,1,50,1,0.82,0.685199819989598,428.597003558466,6.06406216477991,4.84575354564632
