scenario,anchor_count,temporal_span_fraction,n_total,n_identifiable,identifiability_rate,n_converged,n_failed,convergence_rate,n_rank_deficient,n_max_iterations,sigma_min_median,sigma_min_q25,sigma_min_q75,condition_median,condition_q25,condition_q75,rmse_ms_median,rmse_ms_q25,rmse_ms_q75,mae_ms_median,gamma_rmse_ppm_median,kappa_rmse_ms_median,rmse_median_iqr_ms,sigma_min_median_iqr,condition_median_iqr
clean,4,0.25,50,50,1,38,12,0.76,0,12,0.137745819973267,0.136284681793293,0.13936524703619,885.674138448788,875.544517356307,897.968425409826,0.250973616322929,0.205597371899216,0.303496664320898,0.19810187017176,6.15606784106379,0.396305986322316,"0.250974 [0.205597, 0.303497]","0.137746 [0.136285, 0.139365]","885.674 [875.545, 897.968]"
clean,4,0.5,50,50,1,40,10,0.8,0,10,0.260899652994869,0.259053124243264,0.262437234022677,489.368153965708,485.312792102374,494.41429733551,0.166027393976813,0.14515274485103,0.194963239389295,0.131366548745281,3.02808106376482,0.207019830619112,"0.166027 [0.145153, 0.194963]","0.260900 [0.259053, 0.262437]","489.368 [485.313, 494.414]"
clean,4,1,50,50,1,40,10,0.8,0,10,0.428683382630881,0.42585797649992,0.430151636033691,343.082232910295,341.698796568797,346.666583546999,0.134913974373998,0.126520263888755,0.152265469308658,0.107600331759917,1.50584275160482,0.115251592113293,"0.134914 [0.126520, 0.152265]","0.428683 [0.425858, 0.430152]","343.082 [341.699, 346.667]"
clean,6,0.25,50,50,1,41,9,0.82,0,9,0.153804555747309,0.149609267278548,0.156437963361949,965.325929361307,949.152597774765,992.319106478184,0.204286544537907,0.174584272122349,0.283195035815015,0.163221854754078,4.89381118622302,0.328155789821846,"0.204287 [0.174584, 0.283195]","0.153805 [0.149609, 0.156438]","965.326 [949.153, 992.319]"
clean,6,0.5,50,50,1,43,7,0.86,0,7,0.29037305547542,0.284542231353197,0.294880899228164,532.424393423519,523.321443454822,543.743802386083,0.140861640120829,0.130447168170833,0.170211841702505,0.114482816152696,2.39060844694843,0.162669676682563,"0.140862 [0.130447, 0.170212]","0.290373 [0.284542, 0.294881]","532.424 [523.321, 543.744]"
clean,6,1,50,50,1,45,5,0.9,0,5,0.478800475247387,0.466283323254777,0.482933379388845,365.753150825369,362.420379253219,376.411119726941,0.125589740827073,0.114029406719064,0.135652075179957,0.100444346576117,1.36273269755801,0.0919034720012189,"0.125590 [0.114029, 0.135652]","0.478800 [0.466283, 0.482933]","365.753 [362.420, 376.411]"
clean,8,0.25,50,50,1,46,4,0.92,0,4,0.170006111480491,0.166659676918671,0.172702723457444,1009.30834586995,990.180430082677,1021.38079665927,0.190629557867439,0.165747959277738,0.225653290560999,0.148138882969773,4.28913351920583,0.267716914176345,"0.190630 [0.165748, 0.225653]","0.170006 [0.166660, 0.172703]","1009.308 [990.180, 1021.381]"
clean,8,0.5,50,50,1,49,1,0.98,0,1,0.319879331541468,0.312593147714846,0.323243888574277,555.961183037074,548.970992528634,564.283289223812,0.134796778511354,0.126875085830335,0.149942950864416,0.106731427592805,2.14916638840971,0.131045988809278,"0.134797 [0.126875, 0.149943]","0.319879 [0.312593, 0.323244]","555.961 [548.971, 564.283]"
clean,8,1,50,50,1,48,2,0.96,0,2,0.518291646633323,0.508250816951414,0.526857420512575,383.844848355337,379.564705709269,392.170689898625,0.117063380908838,0.111443269327677,0.124559849117614,0.0937168402662359,1.07303612482229,0.0759012238925103,"0.117063 [0.111443, 0.124560]","0.518292 [0.508251, 0.526857]","383.845 [379.565, 392.171]"
clean,12,0.25,50,50,1,49,1,0.98,0,1,0.198622890559794,0.195328249941211,0.202302835673867,1049.15375655036,1030.93694481908,1070.01963635309,0.180408228579228,0.152062814007522,0.222737711989249,0.138507886083572,4.06114105377802,0.256420108847549,"0.180408 [0.152063, 0.222738]","0.198623 [0.195328, 0.202303]","1049.154 [1030.937, 1070.020]"
clean,12,0.5,50,50,1,48,2,0.96,0,2,0.370988869849365,0.363899068655036,0.375587473588273,581.458039219189,576.506397572762,594.532145672198,0.129510439533137,0.117345695154571,0.146782977858279,0.102694517852424,2.03337941897168,0.127643373848434,"0.129510 [0.117346, 0.146783]","0.370989 [0.363899, 0.375587]","581.458 [576.506, 594.532]"
clean,12,1,50,50,1,49,1,0.98,0,1,0.591157240017114,0.575527968071842,0.594662021657286,409.589664302652,406.082418431784,418.185997802184,0.113627777866476,0.107910815303548,0.120596785492337,0.0912298286032894,1.02525415629711,0.0679596481851626,"0.113628 [0.107911, 0.120597]","0.591157 [0.575528, 0.594662]","409.590 [406.082, 418.186]"
clean,16,0.25,50,50,1,49,1,0.98,0,1,0.225866679676028,0.222215687235458,0.229230604947773,1068.44581873435,1053.30618048692,1080.61277601696,0.16651665444885,0.138100544498944,0.192325892237152,0.127974524165943,3.60444272440694,0.206106560921414,"0.166517 [0.138101, 0.192326]","0.225867 [0.222216, 0.229231]","1068.446 [1053.306, 1080.613]"
clean,16,0.5,50,50,1,50,0,1,0,0,0.414409101323581,0.408663214721496,0.41920370996836,600.913743167222,593.325530150793,605.63607522967,0.121436052090616,0.114088196220846,0.132636747231368,0.0963868545711427,1.76512310670196,0.100625244256994,"0.121436 [0.114088, 0.132637]","0.414409 [0.408663, 0.419204]","600.914 [593.326, 605.636]"
clean,16,1,50,50,1,50,0,1,0,0,0.642009841298165,0.63082151353571,0.646640775842514,431.434030233961,428.700338324579,437.358926350477,0.110658661231776,0.106742847170826,0.114097999267064,0.0879469470560241,0.871447885029824,0.0551009329512332,"0.110659 [0.106743, 0.114098]","0.642010 [0.630822, 0.646641]","431.434 [428.700, 437.359]"
clean,24,0.25,50,50,1,50,0,1,0,0,0.266761115134396,0.261481293651843,0.270035708821175,1099.9977078577,1088.29077002863,1126.91494039848,0.141723414729242,0.124104539748612,0.175233879767191,0.112043900859643,2.95838080012614,0.170567185034786,"0.141723 [0.124105, 0.175234]","0.266761 [0.261481, 0.270036]","1099.998 [1088.291, 1126.915]"
clean,24,0.5,50,50,1,50,0,1,0,0,0.479518956373198,0.468656880192474,0.482820266647895,633.228053001026,626.795519174635,648.776769921335,0.11597991603504,0.10948815050998,0.125278921281154,0.0927589724275733,1.46342393222276,0.0904333050093354,"0.115980 [0.109488, 0.125279]","0.479519 [0.468657, 0.482820]","633.228 [626.796, 648.777]"
clean,24,1,50,50,1,50,0,1,0,0,0.706525795670395,0.692224619017675,0.713447717936015,477.651788241661,471.716052047931,486.426721192062,0.108128467714583,0.10488697986468,0.110830971880108,0.0861558513125174,0.72382221764224,0.051460968108403,"0.108128 [0.104887, 0.110831]","0.706526 [0.692225, 0.713448]","477.652 [471.716, 486.427]"
nominal,4,0.25,50,47,0.94,26,24,0.52,3,21,0.132530710054756,0.12811635308512,0.136318842558125,909.956373740486,887.335359296483,939.374723479249,3.0368182434559,2.58527056133365,3.53776054001961,2.28428767044198,77.9298377435592,5.2721626521654,"3.036818 [2.585271, 3.537761]","0.132531 [0.128116, 0.136319]","909.956 [887.335, 939.375]"
nominal,4,0.5,50,47,0.94,26,24,0.52,3,21,0.247986204973895,0.236575147485273,0.258972400009254,506.643743956457,490.639003391722,535.706509977165,1.79459793489912,1.5586894362907,2.00262602484209,1.40416576142378,37.8823709139651,2.56884030046399,"1.794598 [1.558689, 2.002626]","0.247986 [0.236575, 0.258972]","506.644 [490.639, 535.707]"
nominal,4,1,50,47,0.94,29,21,0.58,3,18,0.409892824227439,0.386773132715716,0.426365649345757,358.762216762076,345.336265590444,377.871136436539,1.38053820127494,1.30252815362663,1.46441466063702,1.09886278233493,18.4025067817161,1.42379717748004,"1.380538 [1.302528, 1.464415]","0.409893 [0.386773, 0.426366]","358.762 [345.336, 377.871]"
nominal,6,0.25,50,50,1,32,18,0.64,0,18,0.152037635565338,0.149681720696681,0.154359254308824,968.572221667117,953.581135788661,986.897841677197,2.24445521797201,1.89713639512226,2.90250252187889,1.72327667238527,57.6758918787555,3.44111649463397,"2.244455 [1.897136, 2.902503]","0.152038 [0.149682, 0.154359]","968.572 [953.581, 986.898]"
nominal,6,0.5,50,50,1,37,13,0.74,0,13,0.28698355514038,0.27929315469218,0.289579250933773,534.074088892502,526.006059519224,544.506397889885,1.48710734189494,1.38757525312932,1.76536773175467,1.16585410007057,29.4130293106152,1.80852166411075,"1.487107 [1.387575, 1.765368]","0.286984 [0.279293, 0.289579]","534.074 [526.006, 544.506]"
nominal,6,1,50,50,1,37,13,0.74,0,13,0.472307830855016,0.462653875494576,0.476524441823021,369.882149973193,364.891844133897,376.890225591569,1.23370923199758,1.1891549108175,1.42842949473531,0.971997352017244,14.7114651459807,1.00438462000211,"1.233709 [1.189155, 1.428429]","0.472308 [0.462654, 0.476524]","369.882 [364.892, 376.890]"
nominal,8,0.25,50,50,1,31,19,0.62,0,19,0.168272963956083,0.165446758536187,0.171227723282557,1010.64099450133,990.194980434361,1035.00818438366,2.05035437400769,1.88841042016699,2.53307027347094,1.59719557020863,50.1635578259576,2.97041448242177,"2.050354 [1.888410, 2.533070]","0.168273 [0.165447, 0.171228]","1010.641 [990.195, 1035.008]"
nominal,8,0.5,50,50,1,39,11,0.78,0,11,0.316872821961816,0.308711615647825,0.321045039676944,557.906337019224,549.403142048288,572.959813387196,1.43487532576073,1.33452212689586,1.57776675494113,1.15547433909232,25.4051877337726,1.61030518720211,"1.434875 [1.334522, 1.577767]","0.316873 [0.308712, 0.321045]","557.906 [549.403, 572.960]"
nominal,8,1,50,50,1,42,8,0.84,0,8,0.516515192442655,0.495280046533454,0.523177896839429,386.485674811327,380.694733252186,401.134163809943,1.21144999416747,1.15234208309662,1.29338150093577,0.967379977498932,12.8253353721041,0.992874366238724,"1.211450 [1.152342, 1.293382]","0.516515 [0.495280, 0.523178]","386.486 [380.695, 401.134]"
nominal,12,0.25,50,50,1,36,14,0.72,0,14,0.193628991939009,0.189129783315067,0.197988459912411,1022.09128009748,1004.34504094264,1048.37008223862,1.84233753902063,1.47820115705674,2.27256387327549,1.42720301568993,43.2918729226426,2.58033871664892,"1.842338 [1.478201, 2.272564]","0.193629 [0.189130, 0.197988]","1022.091 [1004.345, 1048.370]"
nominal,12,0.5,50,50,1,35,15,0.7,0,15,0.360668053117633,0.353006077632424,0.367814488370881,575.627762035022,566.586313687679,594.559053264418,1.31075823381137,1.20112210590956,1.49143058986276,1.0299403986285,21.1777945666063,1.34871568833258,"1.310758 [1.201122, 1.491431]","0.360668 [0.353006, 0.367814]","575.628 [566.586, 594.559]"
nominal,12,1,50,50,1,40,10,0.8,0,10,0.576485770262529,0.567014679153759,0.588024077891079,408.596897307251,401.111270697149,420.719198497797,1.15336501728248,1.10630542517261,1.20963456515581,0.91545905083146,11.0423333106309,0.773533490839302,"1.153365 [1.106305, 1.209635]","0.576486 [0.567015, 0.588024]","408.597 [401.111, 420.719]"
nominal,16,0.25,50,50,1,41,9,0.82,0,9,0.219497846624304,0.216399541073366,0.223802044776805,1035.67279820215,1020.65151760016,1056.22267642752,1.83074629646306,1.59094718480682,2.29841609143683,1.42568763510333,41.075698607647,2.6734776631237,"1.830746 [1.590947, 2.298416]","0.219498 [0.216400, 0.223802]","1035.673 [1020.652, 1056.223]"
nominal,16,0.5,50,50,1,45,5,0.9,0,5,0.405206248659624,0.399883378434585,0.410965993713618,581.816556735168,570.416808784235,592.296518645348,1.29331372119203,1.23212142859796,1.49494650666049,1.0326046838813,20.3213900431252,1.38591526564391,"1.293314 [1.232121, 1.494947]","0.405206 [0.399883, 0.410966]","581.817 [570.417, 592.297]"
nominal,16,1,50,50,1,42,8,0.84,0,8,0.633991523580723,0.622266812432381,0.641795999366055,420.671127572118,415.593374264431,426.220113822678,1.14946652182758,1.10525004713214,1.21161763775071,0.916799143542997,10.4391829934674,0.755648534901363,"1.149467 [1.105250, 1.211618]","0.633992 [0.622267, 0.641796]","420.671 [415.593, 426.220]"
nominal,24,0.25,50,50,1,49,1,0.98,0,1,0.263550766959652,0.260726000500239,0.266143242389125,1067.27878937772,1045.3093325641,1085.16877518178,1.60849280135525,1.37568582992037,1.78422051221552,1.27055635626971,36.1277443982806,2.11707160955962,"1.608493 [1.375686, 1.784221]","0.263551 [0.260726, 0.266143]","1067.279 [1045.309, 1085.169]"
nominal,24,0.5,50,50,1,47,3,0.94,0,3,0.473633518406395,0.467925294219689,0.47748075673176,615.971006886107,605.657547855556,627.112535196621,1.21233499521771,1.13614699646024,1.29754031634902,0.973447513424452,17.2158997117193,1.06919840761824,"1.212335 [1.136147, 1.297540]","0.473634 [0.467925, 0.477481]","615.971 [605.658, 627.113]"
nominal,24,1,50,50,1,49,1,0.98,0,1,0.70260626880254,0.69317167988261,0.70905367074391,464.803427632206,455.890227010493,473.265230162267,1.09471694543846,1.06033385923052,1.12446322015172,0.872361387438905,8.73866258917826,0.587835508900535,"1.094717 [1.060334, 1.124463]","0.702606 [0.693172, 0.709054]","464.803 [455.890, 473.265]"
stress,4,0.25,50,33,0.66,13,37,0.26,17,20,0.0884195662545605,0.0699300512770553,0.0993913594201984,1177.41410368514,1118.76617317318,1410.35801869806,29.7802014187185,17.4423005758746,73.9499296805315,21.2677220431605,797.551750428618,46.9219467439457,"29.780201 [17.442301, 73.949930]","0.088420 [0.069930, 0.099391]","1177.414 [1118.766, 1410.358]"
stress,4,0.5,50,33,0.66,13,37,0.26,17,20,0.201584447606771,0.120671672678221,0.222720717942741,563.007457261552,502.793895371632,933.569658224751,16.7555372185397,10.7802805593297,41.3539694324492,12.0669934957323,399.062269124045,23.3449116738889,"16.755537 [10.780281, 41.353969]","0.201584 [0.120672, 0.222721]","563.007 [502.794, 933.570]"
stress,4,1,50,33,0.66,13,37,0.26,17,20,0.361680329457762,0.190251102189605,0.41583215280683,361.567243345301,343.852874419069,742.862918905763,10.7109108119652,8.43974984986552,28.3200110472403,8.26749559833846,199.684983060524,13.306151317449,"10.710911 [8.439750, 28.320011]","0.361680 [0.190251, 0.415832]","361.567 [343.853, 742.863]"
stress,6,0.25,50,49,0.98,6,44,0.12,1,43,0.133191356441569,0.1039196030803,0.137562227895295,1097.91841731755,1012.33570664914,1297.4307265787,97.6322143976042,52.6222273068816,135.727124842877,59.6632217199848,2713.97790242289,178.669820181228,"97.632214 [52.622227, 135.727125]","0.133191 [0.103920, 0.137562]","1097.918 [1012.336, 1297.431]"
stress,6,0.5,50,49,0.98,10,40,0.2,1,39,0.245314639905339,0.23619673125365,0.265252667888158,568.038833446281,531.411211923586,623.996886445246,36.4774745708699,26.9402071804172,53.3664862363594,23.035145802673,950.693113109854,62.2536332424999,"36.477475 [26.940207, 53.366486]","0.245315 [0.236197, 0.265253]","568.039 [531.411, 623.997]"
stress,6,1,50,49,0.98,10,40,0.2,1,39,0.400405626415878,0.388835736482153,0.442811624864392,415.547165083406,388.963078373395,443.607753090035,23.3228752832883,16.2623125406551,38.7477297882634,15.0435105376362,474.250035740268,24.3737984421475,"23.322875 [16.262313, 38.747730]","0.400406 [0.388836, 0.442812]","415.547 [388.963, 443.608]"
stress,8,0.25,50,50,1,9,41,0.18,0,41,0.144847046475525,0.142221432437284,0.150176663037106,1024.03787645874,958.259322049652,1069.77541888869,15.2763258028076,12.502438937504,53.4898880734511,12.0955689965723,386.437096557045,23.8228838984564,"15.276326 [12.502439, 53.489888]","0.144847 [0.142221, 0.150177]","1024.038 [958.259, 1069.775]"
stress,8,0.5,50,50,1,15,35,0.3,0,35,0.293397274860102,0.276253010772081,0.304247205224709,534.736522219058,512.971780078462,575.465242443345,10.4818149434433,9.10425481939254,27.091283879296,8.19385494774795,259.419974200947,14.1412419608678,"10.481815 [9.104255, 27.091284]","0.293397 [0.276253, 0.304247]","534.737 [512.972, 575.465]"
stress,8,1,50,50,1,13,37,0.26,0,37,0.496232962471476,0.480346112999152,0.507548270032651,379.74320597071,362.31263661473,415.783732665083,8.40688729056593,7.29917188285985,16.9331651623153,6.89972133013939,129.286102736101,8.20693287547758,"8.406887 [7.299172, 16.933165]","0.496233 [0.480346, 0.507548]","379.743 [362.313, 415.784]"
stress,12,0.25,50,50,1,13,37,0.26,0,37,0.182712031115361,0.166274733740038,0.187809580085782,992.219942922831,965.265298807716,1038.15350466353,15.2660305828096,11.7343079490948,19.9926991661092,11.8600107133118,424.98816374368,22.156457835563,"15.266031 [11.734308, 19.992699]","0.182712 [0.166275, 0.187810]","992.220 [965.265, 1038.154]"
stress,12,0.5,50,50,1,20,30,0.4,0,30,0.346732186741358,0.330056060155925,0.355150650138425,543.458834080466,519.566336511183,557.371518885167,10.0744983017979,8.04597401386044,12.1652079665632,7.59374942858046,224.807513899074,12.5593979271646,"10.074498 [8.045974, 12.165208]","0.346732 [0.330056, 0.355151]","543.459 [519.566, 557.372]"
stress,12,1,50,50,1,21,29,0.42,0,29,0.560455126532645,0.54760422895183,0.576610126331738,384.037615842011,368.303823396621,400.85154966094,7.46658300651592,6.1696761748727,8.23343107983605,5.97940867129805,106.796641118345,6.71529296173623,"7.466583 [6.169676, 8.233431]","0.560455 [0.547604, 0.576610]","384.038 [368.304, 400.852]"
stress,16,0.25,50,50,1,24,26,0.48,0,26,0.206348522865651,0.200891450279238,0.212378859496221,1005.89095604891,969.791873109084,1030.87179688724,13.587085678571,10.4081777613394,15.8400039305183,10.2573207092763,356.040349231409,21.370567583876,"13.587086 [10.408178, 15.840004]","0.206349 [0.200891, 0.212379]","1005.891 [969.792, 1030.872]"
stress,16,0.5,50,50,1,22,28,0.44,0,28,0.387342646609483,0.373177217440837,0.395023117937101,554.994382437899,532.066426215434,578.265120901773,8.25298234459979,7.0902021963476,9.15252457255852,6.52256027584573,169.446641697782,9.89927115517533,"8.252982 [7.090202, 9.152525]","0.387343 [0.373177, 0.395023]","554.994 [532.066, 578.265]"
stress,16,1,50,50,1,26,24,0.52,0,24,0.617266773033145,0.589673337671007,0.623345150423137,400.975491782843,384.499918008239,420.757018040199,6.45072241913901,6.02230454588457,6.81579920750697,5.12896113111072,85.5052813555528,5.65081373687561,"6.450722 [6.022305, 6.815799]","0.617267 [0.589673, 0.623345]","400.975 [384.500, 420.757]"
stress,24,0.25,50,50,1,38,12,0.76,0,12,0.249290763999739,0.244487241858563,0.252945912434402,988.651835561989,950.433736883955,1026.73057081025,11.2948761032871,8.98627252201738,13.0069048675615,8.5590113542667,277.000825542494,16.9568093315028,"11.294876 [8.986273, 13.006905]","0.249291 [0.244487, 0.252946]","988.652 [950.434, 1026.731]"
stress,24,0.5,50,50,1,38,12,0.76,0,12,0.454142109779271,0.437744417719034,0.459110166465985,564.697467767189,545.699116757444,579.145860294008,7.47753777709512,6.59520256573072,8.08310701993595,5.88927747617486,136.865400186418,8.74008893608733,"7.477538 [6.595203, 8.083107]","0.454142 [0.437744, 0.459110]","564.697 [545.699, 579.146]"
stress,24,1,50,50,1,41,9,0.82,0,9,0.681732799744897,0.644888333133688,0.693540845136316,427.7013737645,405.036077453434,465.679125133121,6.06406216477991,5.63552562542898,6.49206283156521,4.84575354564632,69.4629655154066,4.84315990742713,"6.064062 [5.635526, 6.492063]","0.681733 [0.644888, 0.693541]","427.701 [405.036, 465.679]"
