n_observations,n_parameters,rank_A,identifiable,sigma_min_weighted_A,condition_number_weighted_A,iterations,converged,status,solver_failure,final_relative_parameter_change,final_huber_loss,runtime_s,rmse_ms,mae_ms,experiment,replicate,seed,tolerance,n_streams,n_anchors
128,34,34,True,0.70564961858063,449.686593838494,1,True,ok,False,5.81985418729398e-05,402.334856181483,0.0004205999430269,1.21041443464217,0.960746945546636,D2_tolerance,0,24260821,0.0001,6,24
128,34,34,True,0.704683998591332,473.611383213111,5,True,ok,False,5.41716943647784e-07,533.7581130797,0.000888400012627244,1.06278527705385,0.851898972561313,D2_tolerance,0,24260821,1e-06,6,24
128,34,34,True,0.701323592750975,475.252722793067,14,True,ok,False,5.68866188475112e-09,577.940805020038,0.00204439996741712,1.06953791525945,0.857922599779148,D2_tolerance,0,24260821,1e-08,6,24
135,34,34,True,0.667944673027748,480.913579068791,1,True,ok,False,5.9482452127241e-05,380.241386105387,0.000287699978798628,1.45704754893467,1.1361785668924,D2_tolerance,1,24260822,0.0001,6,24
135,34,34,True,0.709830691873068,460.5734985486,5,True,ok,False,5.04810589195889e-07,399.64193352056,0.000883399974554777,1.12893832921719,0.899848051396507,D2_tolerance,1,24260822,1e-06,6,24
135,34,34,True,,inf,30,False,max_iterations_reached,True,1.5505244990115e-08,407.066403077344,0.00379650015383959,,,D2_tolerance,1,24260822,1e-08,6,24
135,34,34,True,0.704189276792653,449.585309130245,1,True,ok,False,5.09761340333878e-05,283.510777857026,0.000276600010693073,1.20553094269574,0.967820082417868,D2_tolerance,2,24260823,0.0001,6,24
135,34,34,True,0.717108835488051,442.032187336356,4,True,ok,False,5.59644507656833e-07,436.106327952818,0.000710999825969338,1.02425870056012,0.823959814970325,D2_tolerance,2,24260823,1e-06,6,24
135,34,34,True,0.716878070934192,441.903372017065,10,True,ok,False,6.89327260040017e-09,460.415924188487,0.00150980008766055,1.02400947641175,0.823496711061205,D2_tolerance,2,24260823,1e-08,6,24
131,34,34,True,0.674580531362043,462.590702917897,1,True,ok,False,7.48655152757154e-05,409.190032408564,0.000271199969574809,1.25957606147316,1.01344448629076,D2_tolerance,3,24260824,0.0001,6,24
131,34,34,True,0.706548274155307,444.984773353696,5,True,ok,False,3.09292303785611e-07,625.729175722492,0.000844000140205026,1.21147118854537,0.974657213400117,D2_tolerance,3,24260824,1e-06,6,24
131,34,34,True,0.706607865460066,445.042855494401,9,True,ok,False,4.90960168101287e-09,621.435721632294,0.0014837000053376,1.21205969581042,0.975163647182172,D2_tolerance,3,24260824,1e-08,6,24
133,34,34,True,0.693932242478129,448.76136566183,1,True,ok,False,4.63644088329617e-05,365.18267816314,0.000271000200882554,1.6194934053964,1.23761170899562,D2_tolerance,4,24260825,0.0001,6,24
133,34,34,True,0.68154057723613,482.995878777578,4,True,ok,False,9.18961259484777e-07,520.192065190144,0.000695799943059683,1.14065546446013,0.909985811108378,D2_tolerance,4,24260825,1e-06,6,24
133,34,34,True,0.682340641866022,485.05126834521,11,True,ok,False,7.52301954262417e-09,506.40888166311,0.00171420001424849,1.13997912999373,0.909413400183192,D2_tolerance,4,24260825,1e-08,6,24
126,34,34,True,0.655129199793443,499.782407557257,1,True,ok,False,7.90843964121697e-05,307.619153979426,0.000279099913313985,1.61208023460381,1.27360408704876,D2_tolerance,5,24260826,0.0001,6,24
126,34,34,True,0.706200703839822,469.424898910195,5,True,ok,False,5.68409181114363e-07,512.000906420271,0.000851800199598074,1.09307173971417,0.865741540169381,D2_tolerance,5,24260826,1e-06,6,24
126,34,34,True,0.704354044735602,471.153309895493,11,True,ok,False,6.01299405084096e-09,519.18308723818,0.00161690008826554,1.09558442321249,0.867960749611218,D2_tolerance,5,24260826,1e-08,6,24
134,34,34,True,0.681279713126415,489.194252553547,1,True,ok,False,6.94425407455733e-05,380.713626244403,0.000274599995464087,1.62521258496661,1.28024913334497,D2_tolerance,6,24260827,0.0001,6,24
134,34,34,True,0.694397180449009,445.881284047271,5,True,ok,False,6.018628432169e-07,729.024187035809,0.000841000117361546,1.0681383156807,0.848711539374168,D2_tolerance,6,24260827,1e-06,6,24
134,34,34,True,0.694183708843214,446.402102178051,11,True,ok,False,8.97093598009589e-09,717.123466773689,0.00166209996677935,1.06942903502,0.84904791372618,D2_tolerance,6,24260827,1e-08,6,24
137,34,34,True,0.7042940274225,452.797399760177,1,True,ok,False,5.52485760274217e-05,357.793379011017,0.000278399791568518,1.48414727454169,1.16281311910689,D2_tolerance,7,24260828,0.0001,6,24
137,34,34,True,0.710708771916423,470.225723258455,4,True,ok,False,8.99437254584312e-07,521.570452314902,0.000724700046703219,1.017781875664,0.814989871211001,D2_tolerance,7,24260828,1e-06,6,24
137,34,34,True,0.709564305683752,466.666114464654,12,True,ok,False,6.65153789431448e-09,553.695209555138,0.00173330004326999,1.01251247998512,0.810470297580669,D2_tolerance,7,24260828,1e-08,6,24
129,34,34,True,0.65980392733933,487.288790827315,1,True,ok,False,5.58663728309589e-05,369.1425923075,0.000271899858489633,1.60408029438741,1.27909178248784,D2_tolerance,8,24260829,0.0001,6,24
129,34,34,True,0.697199549490981,475.451818240078,9,True,ok,False,7.99808782827867e-07,633.047337571262,0.00141220004297793,1.18046074939318,0.939756269937678,D2_tolerance,8,24260829,1e-06,6,24
129,34,34,True,0.698006906454632,474.920992132045,17,True,ok,False,6.93694774187455e-09,632.483421016002,0.00256190006621182,1.18890676632736,0.945756858045979,D2_tolerance,8,24260829,1e-08,6,24
134,34,34,True,0.622837061868318,513.955126262707,1,True,ok,False,6.18405396062097e-05,325.554278109231,0.000273799989372492,1.73115921151092,1.41028119089331,D2_tolerance,9,24260830,0.0001,6,24
134,34,34,True,0.703188270784256,462.755081232546,5,True,ok,False,7.36411178251082e-07,433.455064129023,0.000848699826747179,1.0768141182314,0.861987640490013,D2_tolerance,9,24260830,1e-06,6,24
134,34,34,True,0.702957732457691,462.109023184523,12,True,ok,False,8.10689563693524e-09,439.997858388106,0.00181060004979372,1.07583206118091,0.861204080910044,D2_tolerance,9,24260830,1e-08,6,24
128,34,34,True,0.68700596574678,436.12393801453,1,True,ok,False,5.3978655156447e-05,398.08035530449,0.000316200079396367,1.37064036560479,1.08186513194907,D2_tolerance,10,24260831,0.0001,6,24
128,34,34,True,0.685456316299072,451.264288449112,5,True,ok,False,6.18523987533466e-07,483.990063658899,0.000852999975904822,1.04486373165655,0.843821327554453,D2_tolerance,10,24260831,1e-06,6,24
128,34,34,True,0.685461367905132,451.257623975092,13,True,ok,False,6.66049862375871e-09,488.355820364484,0.00187619985081255,1.04499528721206,0.844426059048185,D2_tolerance,10,24260831,1e-08,6,24
132,34,34,True,0.704168870285022,426.106648149522,1,True,ok,False,5.89431354039217e-05,350.310474333612,0.000282099936157465,1.6279752139771,1.28997597205084,D2_tolerance,11,24260832,0.0001,6,24
132,34,34,True,0.697366502268929,436.34951080408,5,True,ok,False,3.69497719382521e-07,609.680963932598,0.00086209992878139,1.04016348391601,0.832624401550247,D2_tolerance,11,24260832,1e-06,6,24
132,34,34,True,0.696527104838602,436.834787834211,10,True,ok,False,8.31003883657009e-09,616.898267887606,0.00157639989629388,1.03666208804967,0.829922278811353,D2_tolerance,11,24260832,1e-08,6,24
126,34,34,True,0.64794739985786,478.530529414319,1,True,ok,False,5.25757136729208e-05,372.149116706049,0.000278499908745289,1.35020409641254,1.10218380220227,D2_tolerance,12,24260833,0.0001,6,24
126,34,34,True,0.662574413838279,480.166304926635,4,True,ok,False,9.4547497047138e-07,505.358731147372,0.000732699874788523,1.08856641034895,0.871643751616872,D2_tolerance,12,24260833,1e-06,6,24
126,34,34,True,0.668708488677832,476.242394961368,11,True,ok,False,6.23357356354397e-09,490.270704714724,0.00162650016136467,1.07973047036159,0.864514045246823,D2_tolerance,12,24260833,1e-08,6,24
139,34,34,True,0.642122476697014,527.35164277865,1,True,ok,False,6.45258834535907e-05,402.81413963912,0.00025769998319447,1.58529151761038,1.24940187315311,D2_tolerance,13,24260834,0.0001,6,24
139,34,34,True,0.679256552794348,491.135645729189,7,True,ok,False,4.8537264579283e-07,572.495376816873,0.00122230011038482,1.15666375158088,0.929489943071965,D2_tolerance,13,24260834,1e-06,6,24
139,34,34,True,0.679786562075264,490.677850364032,12,True,ok,False,5.99387333631229e-09,577.027807785083,0.00181960011832416,1.15854154165476,0.9306006693854,D2_tolerance,13,24260834,1e-08,6,24
126,34,34,True,0.579190987032231,578.957428302806,1,True,ok,False,5.91186841227191e-05,323.122456283756,0.000277600018307567,1.78643412746065,1.42522794064533,D2_tolerance,14,24260835,0.0001,6,24
126,34,34,True,0.678713391789389,497.441802101663,9,True,ok,False,9.20530261334165e-07,452.876694920609,0.001373500097543,1.10616629019009,0.880809521383495,D2_tolerance,14,24260835,1e-06,6,24
126,34,34,True,0.68021314626831,496.33487362054,17,True,ok,False,5.76927612234827e-09,458.229906082418,0.0023439999204129,1.10552534104724,0.880553487256968,D2_tolerance,14,24260835,1e-08,6,24
137,34,34,True,0.666963265409544,490.801003409745,1,True,ok,False,4.96307487830508e-05,400.548675385412,0.000292799901217222,1.26566879276052,1.00973188275785,D2_tolerance,15,24260836,0.0001,6,24
137,34,34,True,0.66801668338411,500.056294316337,7,True,ok,False,6.45884848418791e-07,509.692103018258,0.00111069995909929,1.0826306058603,0.857468687476108,D2_tolerance,15,24260836,1e-06,6,24
137,34,34,True,0.669342269324825,499.284163555625,14,True,ok,False,8.45560463510616e-09,509.002297165295,0.00213390006683767,1.08679579802632,0.861671570527988,D2_tolerance,15,24260836,1e-08,6,24
131,34,34,True,0.708485640756496,422.928863446064,1,True,ok,False,6.32357269049023e-05,449.419295611779,0.00027989991940558,1.41288788935522,1.14307228370176,D2_tolerance,16,24260837,0.0001,6,24
131,34,34,True,0.684034049078006,459.962128205213,5,True,ok,False,3.24245183910268e-07,656.567908622391,0.000846899813041091,1.08705749548141,0.873737932905786,D2_tolerance,16,24260837,1e-06,6,24
131,34,34,True,0.682748932591176,460.456655423991,13,True,ok,False,8.23399329465223e-09,662.166469979159,0.00185719993896782,1.08659479830715,0.873167169223211,D2_tolerance,16,24260837,1e-08,6,24
127,34,34,True,0.693007956112561,433.412713933015,1,True,ok,False,6.34220375453447e-05,337.712679052101,0.000276899896562099,1.46932182935532,1.17187472707103,D2_tolerance,17,24260838,0.0001,6,24
127,34,34,True,0.712578028104279,439.517687495295,4,True,ok,False,8.88261040015577e-07,623.210248326823,0.000710099935531616,1.07932805242705,0.862035980465723,D2_tolerance,17,24260838,1e-06,6,24
127,34,34,True,0.713230498044139,439.304405169834,9,True,ok,False,9.43742703501719e-09,615.917223518743,0.00135719985701144,1.08312255290641,0.864631496014153,D2_tolerance,17,24260838,1e-08,6,24
132,34,34,True,0.645829803516073,489.546950060584,1,True,ok,False,5.2925696750853e-05,371.99823498776,0.000265700044110417,1.57965629497984,1.23473638572105,D2_tolerance,18,24260839,0.0001,6,24
132,34,34,True,0.705921672175956,452.682042768011,7,True,ok,False,7.23525494843519e-07,469.297995701222,0.00111940014176071,1.124155756424,0.900344700706849,D2_tolerance,18,24260839,1e-06,6,24
132,34,34,True,0.704517716548123,452.918171433746,14,True,ok,False,6.29800443792698e-09,479.258711799051,0.0020280999597162,1.11679932812766,0.895780442494474,D2_tolerance,18,24260839,1e-08,6,24
129,34,34,True,0.700126978748692,448.977167591741,1,True,ok,False,6.62373994919267e-05,343.931029817778,0.00027430010959506,2.37668892422202,1.70779745409028,D2_tolerance,19,24260840,0.0001,6,24
129,34,34,True,0.713338555302209,457.247464185454,5,True,ok,False,4.56779020229736e-07,519.788396113787,0.000857699895277619,1.19930921986826,0.960943968099754,D2_tolerance,19,24260840,1e-06,6,24
129,34,34,True,0.71330565662947,457.250736413255,11,True,ok,False,7.69030666890129e-09,524.659576931552,0.00164030003361404,1.19240711512399,0.955059765898574,D2_tolerance,19,24260840,1e-08,6,24
131,34,34,True,0.712727004172744,468.276564489839,1,True,ok,False,4.27308282732497e-05,384.77791199926,0.000274099875241518,1.23362421246617,0.979864265698921,D2_tolerance,20,24260841,0.0001,6,24
131,34,34,True,0.713388974991631,470.777751896229,4,True,ok,False,4.74945440192354e-07,451.630442609411,0.000728700077161193,1.0637715219463,0.849329423662446,D2_tolerance,20,24260841,1e-06,6,24
131,34,34,True,0.713196546219766,470.957931813296,9,True,ok,False,4.99301365337112e-09,450.072648509259,0.00148710003122687,1.06306267266189,0.848914125273872,D2_tolerance,20,24260841,1e-08,6,24
135,34,34,True,0.672239037949637,474.993057812091,1,True,ok,False,5.51767368831589e-05,424.492095279875,0.000263899797573686,1.15363987507012,0.922884756744094,D2_tolerance,21,24260842,0.0001,6,24
135,34,34,True,0.646563325859391,496.746128597207,4,True,ok,False,5.22525704974234e-07,575.919271301971,0.000706100137904286,1.08944568266287,0.865133728502942,D2_tolerance,21,24260842,1e-06,6,24
135,34,34,True,0.650539881642606,494.169368179393,9,True,ok,False,9.18431867392074e-09,560.474174945856,0.00140370009467006,1.0901722825099,0.8658515230003,D2_tolerance,21,24260842,1e-08,6,24
129,34,34,True,0.663201466530462,494.575330504643,1,True,ok,False,7.71521648904455e-05,393.817040899791,0.000285499962046742,1.52681513011777,1.17839178729237,D2_tolerance,22,24260843,0.0001,6,24
129,34,34,True,0.683159611440662,474.461389466741,5,True,ok,False,4.69275278728918e-07,712.933842219909,0.000858899904415011,1.15598968868237,0.92838347162326,D2_tolerance,22,24260843,1e-06,6,24
129,34,34,True,0.68390190149696,474.556621756735,9,True,ok,False,9.21837145176632e-09,699.358966591509,0.00138409994542599,1.15968558680404,0.931568086118497,D2_tolerance,22,24260843,1e-08,6,24
138,34,34,True,0.650259097167884,510.230209116466,1,True,ok,False,7.52383631427386e-05,347.47147709208,0.000269199954345822,1.65516819729451,1.30170769177971,D2_tolerance,23,24260844,0.0001,6,24
138,34,34,True,0.680781220055165,471.009074222022,5,True,ok,False,2.65021444098194e-07,703.431379943302,0.000908000161871314,1.04783442921538,0.841025623331882,D2_tolerance,23,24260844,1e-06,6,24
138,34,34,True,0.681347979626767,470.630730551281,11,True,ok,False,7.77451626485082e-09,701.689864491429,0.00161890010349452,1.04516429420356,0.838944422847192,D2_tolerance,23,24260844,1e-08,6,24
127,34,34,True,0.690692414328439,475.303263876588,1,True,ok,False,5.70073486426403e-05,262.661368333828,0.00026959995739162,1.64567555844977,1.31034436943287,D2_tolerance,24,24260845,0.0001,6,24
127,34,34,True,0.704638633649412,477.73446914407,5,True,ok,False,2.95465795881094e-07,425.531428974476,0.000911799957975745,1.10337039862061,0.879447565186213,D2_tolerance,24,24260845,1e-06,6,24
127,34,34,True,0.704006608465056,478.038872092378,9,True,ok,False,4.97727176618319e-09,428.594469063509,0.00133839994668961,1.10566723673419,0.880911917964009,D2_tolerance,24,24260845,1e-08,6,24
131,34,34,True,0.670510439162807,481.385771400933,1,True,ok,False,6.01391975158525e-05,320.285797557207,0.000274799996986985,1.32723930608171,1.05810544829519,D2_tolerance,25,24260846,0.0001,6,24
131,34,34,True,0.668725576716556,489.332841394203,4,True,ok,False,9.51742844256228e-07,498.039981513859,0.000698199961334467,1.05567859375048,0.845546059686346,D2_tolerance,25,24260846,1e-06,6,24
131,34,34,True,0.667319501348883,490.689905384633,9,True,ok,False,6.32905786446457e-09,492.289065607362,0.00137969991192222,1.05551395321977,0.845557519131713,D2_tolerance,25,24260846,1e-08,6,24
131,34,34,True,0.704301420642446,452.897474735201,1,True,ok,False,5.72919751313621e-05,385.933613412774,0.00027130008675158,1.20177863600189,0.966658190992701,D2_tolerance,26,24260847,0.0001,6,24
131,34,34,True,0.712113439148905,453.477745204754,5,True,ok,False,4.80275604241922e-07,507.364242187095,0.000881699845194817,1.05244239340496,0.831801207052167,D2_tolerance,26,24260847,1e-06,6,24
131,34,34,True,0.712114030355846,453.180547396704,11,True,ok,False,8.54140967366835e-09,518.141807252413,0.00160840013995767,1.05294266547106,0.832301047840061,D2_tolerance,26,24260847,1e-08,6,24
134,34,34,True,0.590842421149126,534.132172222823,1,True,ok,False,6.0862787845197e-05,391.308925374669,0.000263900030404329,1.37680536505519,1.11674439225856,D2_tolerance,27,24260848,0.0001,6,24
134,34,34,True,0.71399651928093,440.348005244217,6,True,ok,False,8.83242514580407e-07,494.236957675213,0.00102559989318252,1.1418012245342,0.911451148962094,D2_tolerance,27,24260848,1e-06,6,24
134,34,34,True,0.713966662618989,439.672898496358,11,True,ok,False,5.70819854143066e-09,499.778677960021,0.00160760013386607,1.14420028668017,0.913589047982947,D2_tolerance,27,24260848,1e-08,6,24
137,34,34,True,0.676949048825411,461.159416584136,1,True,ok,False,4.08287096836057e-05,425.204036608168,0.00025139981880784,1.30511950075274,1.03951224798752,D2_tolerance,28,24260849,0.0001,6,24
137,34,34,True,0.696026895184229,461.138132004655,6,True,ok,False,9.90855237436433e-07,430.801491289424,0.00100989989005029,1.10607779042559,0.885949301455671,D2_tolerance,28,24260849,1e-06,6,24
137,34,34,True,0.695951980161821,461.197126436338,11,True,ok,False,4.64023649051755e-09,431.256987255382,0.00162570015527308,1.10397682247103,0.884260481729074,D2_tolerance,28,24260849,1e-08,6,24
133,34,34,True,0.712810393736852,434.102236101094,1,True,ok,False,5.91829468358753e-05,416.127200083479,0.000258200103417039,1.27105003486441,1.03033178569151,D2_tolerance,29,24260850,0.0001,6,24
133,34,34,True,0.710194625286569,454.605723628351,4,True,ok,False,9.49775525443e-07,629.987208978629,0.000712400069460273,1.02286618833296,0.810172526736687,D2_tolerance,29,24260850,1e-06,6,24
133,34,34,True,0.709659706220069,454.753700378256,16,True,ok,False,8.52376037387999e-09,655.773277302062,0.00224109995178878,1.02314052352034,0.811000462640809,D2_tolerance,29,24260850,1e-08,6,24
134,34,34,True,0.678352924246117,483.768962909213,1,True,ok,False,4.89473822763342e-05,392.396927016121,0.000280400039628148,1.15152867684589,0.931812702446027,D2_tolerance,30,24260851,0.0001,6,24
134,34,34,True,0.707075496873449,455.243854136684,6,True,ok,False,7.47151880291115e-07,483.778606460819,0.000978800002485514,1.00674942632663,0.812690540737277,D2_tolerance,30,24260851,1e-06,6,24
134,34,34,True,0.707524613428494,455.414064714272,11,True,ok,False,8.65256514957884e-09,474.93060688359,0.00162349990569055,1.00627769417568,0.81229965495638,D2_tolerance,30,24260851,1e-08,6,24
131,34,34,True,0.702797052477471,454.992788909783,1,True,ok,False,3.85906448261687e-05,368.751984351543,0.000260300002992153,1.12233679572123,0.901000967168142,D2_tolerance,31,24260852,0.0001,6,24
131,34,34,True,0.683881907425063,475.278839616281,4,True,ok,False,3.78453460736861e-07,460.689785090773,0.000688100000843406,1.03056422278656,0.822039136629749,D2_tolerance,31,24260852,1e-06,6,24
131,34,34,True,0.681652850728102,476.641868463198,10,True,ok,False,8.49500459096215e-09,476.97046918432,0.00153389992192388,1.03385558428674,0.824187086785106,D2_tolerance,31,24260852,1e-08,6,24
134,34,34,True,0.697714880122039,480.177403431019,1,True,ok,False,5.35205789280333e-05,398.48263641514,0.00026959995739162,1.12607316593725,0.896786385271671,D2_tolerance,32,24260853,0.0001,6,24
134,34,34,True,0.7058918829068,470.946641597197,4,True,ok,False,7.18753796525632e-07,545.437812853968,0.000698800198733807,1.05955286465361,0.839224166960006,D2_tolerance,32,24260853,1e-06,6,24
134,34,34,True,0.70551094897253,470.091002227486,9,True,ok,False,6.49667559267729e-09,553.506784811499,0.00133909983560443,1.06280748990584,0.840956298583216,D2_tolerance,32,24260853,1e-08,6,24
134,34,34,True,0.625566590116583,512.384805246574,1,True,ok,False,6.04081754486968e-05,442.010924703961,0.000273300101980567,1.45882129063134,1.17078421510083,D2_tolerance,33,24260854,0.0001,6,24
134,34,34,True,0.707486670915744,455.132278441715,6,True,ok,False,3.96598413875049e-07,527.378216416531,0.000970300054177642,1.06903040476947,0.858086981753915,D2_tolerance,33,24260854,1e-06,6,24
134,34,34,True,0.704730031533565,457.168019277596,15,True,ok,False,7.97951230890069e-09,522.696715891579,0.00212009996175766,1.06990390412933,0.858670746731173,D2_tolerance,33,24260854,1e-08,6,24
136,34,34,True,0.682788000997682,445.646794165916,1,True,ok,False,6.54744914612265e-05,337.559530828662,0.000259699998423457,1.42504685044643,1.15145704601458,D2_tolerance,34,24260855,0.0001,6,24
136,34,34,True,0.700448032808163,446.92645878067,5,True,ok,False,2.2611531820623e-07,409.104851829258,0.000845500035211444,1.08760736491834,0.862327191376656,D2_tolerance,34,24260855,1e-06,6,24
136,34,34,True,0.700306601301673,447.226801229948,9,True,ok,False,5.93670141547112e-09,410.463889975447,0.00134069984778762,1.08678873559583,0.861737357168555,D2_tolerance,34,24260855,1e-08,6,24
139,34,34,True,0.67310987957846,486.407905134716,1,True,ok,False,7.29694475122378e-05,420.446892227436,0.0002490000333637,1.39223605990683,1.11523750125085,D2_tolerance,35,24260856,0.0001,6,24
139,34,34,True,0.699140801031673,473.512800751384,5,True,ok,False,4.11653409374808e-07,576.935109970116,0.000813799910247326,1.05672226075587,0.844811323911943,D2_tolerance,35,24260856,1e-06,6,24
139,34,34,True,0.698375782789257,474.407679336256,11,True,ok,False,6.1500718439042e-09,586.624130392131,0.00159989995881915,1.05778360471249,0.8459491293939,D2_tolerance,35,24260856,1e-08,6,24
131,34,34,True,0.701132981905469,473.16103861494,1,True,ok,False,3.70664137087237e-05,361.250382828914,0.000267799943685532,1.38243192529032,1.06386804805136,D2_tolerance,36,24260857,0.0001,6,24
131,34,34,True,0.714799408727036,465.36623865778,4,True,ok,False,5.54226652519476e-07,516.471371114435,0.000692199915647507,1.16956986886027,0.939796318602611,D2_tolerance,36,24260857,1e-06,6,24
131,34,34,True,0.715079697211673,464.728670073639,9,True,ok,False,8.04466645942125e-09,513.371060184982,0.00135229993611574,1.17167892713074,0.941853802417006,D2_tolerance,36,24260857,1e-08,6,24
131,34,34,True,0.687719562670414,482.181516560465,1,True,ok,False,6.12675953474167e-05,286.635313264457,0.000270199961960316,1.43610850268109,1.14283539158826,D2_tolerance,37,24260858,0.0001,6,24
131,34,34,True,0.69688323040366,471.890376812646,5,True,ok,False,5.54316306744182e-07,495.660160136165,0.000837300205603242,1.12419386234414,0.912959151860192,D2_tolerance,37,24260858,1e-06,6,24
131,34,34,True,0.697629252812243,471.488991320635,12,True,ok,False,7.62684256189393e-09,491.693761986315,0.00174870016053319,1.13829143756333,0.925085102946764,D2_tolerance,37,24260858,1e-08,6,24
134,34,34,True,0.665733995042538,476.762159294962,1,True,ok,False,6.47859586901957e-05,351.035641452794,0.00027130008675158,1.59325678097091,1.2462857438587,D2_tolerance,38,24260859,0.0001,6,24
134,34,34,True,0.685982659154995,465.09701628588,5,True,ok,False,5.40727980162121e-07,570.369811010617,0.000827000010758638,1.07535501849749,0.861145587169512,D2_tolerance,38,24260859,1e-06,6,24
134,34,34,True,0.686038341467185,464.729462483677,11,True,ok,False,5.77432862426822e-09,569.037546277429,0.00162140000611544,1.07488127841855,0.860364971912269,D2_tolerance,38,24260859,1e-08,6,24
131,34,34,True,0.710123930045919,460.208637737126,1,True,ok,False,6.0336685466605e-05,300.794963149321,0.000292100012302399,1.45489729767875,1.16090018031748,D2_tolerance,39,24260860,0.0001,6,24
131,34,34,True,0.713446194827705,458.413307509189,4,True,ok,False,9.03182947252027e-07,430.727950089941,0.000711400061845779,1.04120262548883,0.825404853203148,D2_tolerance,39,24260860,1e-06,6,24
131,34,34,True,0.713396917349194,458.432458087295,9,True,ok,False,8.23179636577458e-09,439.220256473183,0.00138330017216504,1.03880115684218,0.823373148770753,D2_tolerance,39,24260860,1e-08,6,24
131,34,34,True,0.700442975613783,449.08051119651,1,True,ok,False,4.94725313878316e-05,321.656922969075,0.000271599972620606,1.17269707170097,0.941172877865982,D2_tolerance,40,24260861,0.0001,6,24
131,34,34,True,0.708249421875256,449.610515867658,6,True,ok,False,2.45103322636086e-07,371.405077064956,0.00098540005274117,1.05013974005339,0.839413115309772,D2_tolerance,40,24260861,1e-06,6,24
131,34,34,True,0.707939453607505,449.754322578192,9,True,ok,False,9.79175941521941e-09,370.804768019224,0.0013690001796931,1.05036553079064,0.83959389931632,D2_tolerance,40,24260861,1e-08,6,24
127,34,34,True,0.703346250398874,447.793535561515,1,True,ok,False,6.07979350839925e-05,304.808579101496,0.000286399852484465,1.49235094640467,1.20595574951562,D2_tolerance,41,24260862,0.0001,6,24
127,34,34,True,0.711743883400235,446.332156977387,4,True,ok,False,7.20821149698099e-07,415.82065756248,0.00070079998113215,1.10252809201285,0.871206508735433,D2_tolerance,41,24260862,1e-06,6,24
127,34,34,True,0.71181214869924,445.359130998097,10,True,ok,False,5.74374798355923e-09,416.184951039219,0.00159060000441968,1.09711403070911,0.867168191261754,D2_tolerance,41,24260862,1e-08,6,24
130,34,34,True,0.663848113173821,491.254920823085,1,True,ok,False,5.92603076751779e-05,257.057446115888,0.000278100138530135,1.74813692282242,1.40014586320341,D2_tolerance,42,24260863,0.0001,6,24
130,34,34,True,0.695469872126507,475.095460268214,5,True,ok,False,5.62361857400813e-07,486.408497136996,0.000837900210171938,1.14135521019745,0.918344758188374,D2_tolerance,42,24260863,1e-06,6,24
130,34,34,True,0.694539968913045,473.913985015143,11,True,ok,False,5.79325848576451e-09,496.814648488077,0.00165069987997413,1.13734560099142,0.915009033565618,D2_tolerance,42,24260863,1e-08,6,24
130,34,34,True,0.700630845917813,450.33779194068,1,True,ok,False,6.58956606406599e-05,406.261373549042,0.000276400009170175,1.33178893389574,1.06911805286482,D2_tolerance,43,24260864,0.0001,6,24
130,34,34,True,0.702388660807809,458.826125002168,5,True,ok,False,3.16374187541823e-07,548.098082697137,0.000839000102132559,1.06703334565846,0.85092796350519,D2_tolerance,43,24260864,1e-06,6,24
130,34,34,True,0.702388949994905,458.744144905069,8,True,ok,False,6.09860441705231e-09,547.135522548878,0.00124379992485046,1.06739070124153,0.851176078022233,D2_tolerance,43,24260864,1e-08,6,24
131,34,34,True,0.614993922269669,535.628733660438,1,True,ok,False,5.98887474493247e-05,520.12262965319,0.000470800092443824,1.4963185529905,1.19878835833096,D2_tolerance,44,24260865,0.0001,6,24
131,34,34,True,0.699529089708582,472.30283344006,7,True,ok,False,1.56573960295603e-07,664.212805107307,0.00144420005381107,1.13432786038148,0.903856003012565,D2_tolerance,44,24260865,1e-06,6,24
131,34,34,True,0.700469230022611,471.904553947919,11,True,ok,False,8.02454197393309e-09,659.39174762537,0.00163000007160008,1.13336131371599,0.903077276412533,D2_tolerance,44,24260865,1e-08,6,24
131,34,34,True,0.700355672452005,479.346295943601,1,True,ok,False,3.49715962153019e-05,306.050587193965,0.000271799974143505,1.19635202045436,0.952985283290397,D2_tolerance,45,24260866,0.0001,6,24
131,34,34,True,0.688594259224624,485.045332518834,4,True,ok,False,8.53718512193524e-07,371.047555521843,0.000948999775573611,1.08767847608692,0.875288298111289,D2_tolerance,45,24260866,1e-06,6,24
131,34,34,True,0.683654152503623,487.139195654374,9,True,ok,False,6.67467477967223e-09,386.894798882343,0.00138310017064214,1.07823276457518,0.867374215804506,D2_tolerance,45,24260866,1e-08,6,24
129,34,34,True,0.629908436560505,499.188437902177,1,True,ok,False,7.62964812233113e-05,522.407886521209,0.000287399860098958,1.47031158891343,1.20964933972463,D2_tolerance,46,24260867,0.0001,6,24
129,34,34,True,0.709801773891407,444.46336426371,7,True,ok,False,4.32315718249962e-07,703.729806216867,0.00114089995622635,1.16855780821092,0.936621457611297,D2_tolerance,46,24260867,1e-06,6,24
129,34,34,True,0.709997169703118,445.325118877599,14,True,ok,False,8.50406070742277e-09,690.731426006228,0.00222210003994405,1.1654977381282,0.933818099224226,D2_tolerance,46,24260867,1e-08,6,24
131,34,34,True,0.713668392348484,436.100063261659,1,True,ok,False,5.02345078198758e-05,393.058426348906,0.000274499878287315,1.29910524540198,1.03323340287129,D2_tolerance,47,24260868,0.0001,6,24
131,34,34,True,0.7159680618479,453.973580085789,4,True,ok,False,6.81844322509141e-07,492.669994794941,0.000711399829015136,1.10471539504725,0.893698440839801,D2_tolerance,47,24260868,1e-06,6,24
131,34,34,True,0.717262201792742,453.287327058881,10,True,ok,False,5.27544235556635e-09,476.886349848447,0.00151009997352958,1.10312550064596,0.892332809150649,D2_tolerance,47,24260868,1e-08,6,24
131,34,34,True,0.685718963939035,471.541794101514,1,True,ok,False,5.17479257792033e-05,312.927575705697,0.000274199992418289,1.58854995801005,1.24950177245681,D2_tolerance,48,24260869,0.0001,6,24
131,34,34,True,0.676544448202328,474.461074523897,5,True,ok,False,4.43810640113698e-07,460.445717258487,0.000852300086989999,1.1837979547394,0.952223695918494,D2_tolerance,48,24260869,1e-06,6,24
131,34,34,True,0.67616359512867,474.843039710105,10,True,ok,False,8.76695540660093e-09,462.699071239972,0.00150109990499914,1.17697952466458,0.946132820768327,D2_tolerance,48,24260869,1e-08,6,24
127,34,34,True,0.691496893977032,449.513179605301,1,True,ok,False,5.60789684926011e-05,491.899022693229,0.000294999917969108,1.34786376148551,1.07813179420021,D2_tolerance,49,24260870,0.0001,6,24
127,34,34,True,0.713471627159392,433.503971320473,4,True,ok,False,6.95326821949313e-07,848.713796677584,0.000730799976736307,1.10216931085132,0.881553462717654,D2_tolerance,49,24260870,1e-06,6,24
127,34,34,True,0.71379641886974,433.893247487481,10,True,ok,False,6.64344722057338e-09,823.311100646926,0.00151749979704618,1.10048176230696,0.880380207604213,D2_tolerance,49,24260870,1e-08,6,24
