experiment,tolerance,n_streams,n_anchors,n_total,n_converged,n_failures,convergence_rate,n_observations_median,n_parameters,iterations_median,runtime_ms_median,runtime_ms_q25,runtime_ms_q75,rmse_ms_median,mae_ms_median,final_rel_change_median
D2_tolerance,1e-08,6,24,50,49,1,0.98,131,34,11,1.61790009588,1.4845500118099,1.79512507747855,1.08659479830715,0.864631496014153,6.91511017113736e-09
D2_tolerance,1e-06,6,24,50,50,0,1,131,34,5,0.84779981989405,0.725700054317675,0.939699821174125,1.08764292050263,0.865437634336161,5.56980407200507e-07
D2_tolerance,0.0001,6,24,50,50,0,1,131,34,1,0.2742500510066,0.269749958533775,0.2796999178826,1.43057767656376,1.14295383764501,5.91508154792972e-05
D3_scaling,1e-10,5,8,50,34,16,0.68,37,16,22.5,1.5629000263288,1.27177510876208,1.83212500996885,1.1741469379574,0.945954733219717,8.94181143104659e-11
D3_scaling,1e-10,5,16,50,43,7,0.86,74,24,22,2.05725000705565,1.7688000807538,2.41459993412712,1.14670664661202,0.915517265522106,8.06001996862529e-11
D3_scaling,1e-10,5,32,50,47,3,0.94,148,40,18,3.17894993349905,2.91777495294803,3.66554991342125,1.07928615281324,0.861086068932292,7.20961197042998e-11
D3_scaling,1e-10,5,64,50,50,0,1,294,72,19.5,69.6133499732241,60.4280749685131,88.9259250252508,1.03769241932467,0.830729579288782,7.85406431170777e-11
D3_scaling,1e-10,5,128,50,48,2,0.96,590.5,136,22,296.685199951753,240.747999923769,343.325274938252,1.02829449720209,0.815020889202284,8.46896635785395e-11
D3_scaling,1e-10,10,8,50,40,10,0.8,73,26,20,2.22829997073855,1.76947499858212,2.86015000892802,1.20117391542877,0.959923683784837,8.26361655270532e-11
D3_scaling,1e-10,10,16,50,48,2,0.96,146,34,18,2.58179998490955,2.24795000394802,2.92650010669595,1.16737134903304,0.931534585502898,8.06196750572615e-11
D3_scaling,1e-10,10,32,50,50,0,1,291,50,14.5,18.7067500082776,17.1543998876586,20.9529999992811,1.06631173907844,0.849815916134904,6.91774881960751e-11
D3_scaling,1e-10,10,64,50,50,0,1,581,82,14,81.8534501595422,75.486849877052,90.7697000075132,1.03761829443618,0.828833547725798,6.80047092702175e-11
D3_scaling,1e-10,10,128,50,50,0,1,1163.5,146,14,282.732250052504,264.104025030975,316.182900045533,1.02100069657686,0.814602537931977,6.98276379296347e-11
D3_scaling,1e-10,20,8,50,39,11,0.78,145,46,20,4.7389500541612,3.78439994528885,6.07599999057122,1.19020067539101,0.95490293711519,8.18627552470836e-11
D3_scaling,1e-10,20,16,50,50,0,1,290.5,54,17,36.9610500056296,32.644750084728,40.0667500216514,1.15533295920295,0.92244386623416,7.84042848290931e-11
D3_scaling,1e-10,20,32,50,50,0,1,577.5,70,13,62.1687999228016,58.0251250648871,68.7509499839507,1.07380134564095,0.856052045413516,6.34481115524064e-11
D3_scaling,1e-10,20,64,50,50,0,1,1160,102,12,155.845050001517,148.627625079826,165.151674940717,1.03781031585626,0.828729767480476,5.46879934954094e-11
D3_scaling,1e-10,20,128,50,50,0,1,2314.5,166,11,278.20210007485,264.781225065235,291.422849986702,1.02164440016739,0.813453039648,6.91698712446415e-11
D3_scaling,1e-10,40,8,50,38,12,0.76,289,86,23,122.862699907273,102.047699969262,147.896624926943,1.21236744808289,0.964255411746859,8.36776871552526e-11
D3_scaling,1e-10,40,16,50,49,1,0.98,578,94,17.5,146.128250053152,130.973275110591,165.382624953054,1.15046169031604,0.914056085211149,7.84964615499827e-11
D3_scaling,1e-10,40,32,50,50,0,1,1153,110,13,204.705699929036,195.695550122763,228.477400029079,1.06271924163874,0.847136751145564,6.74539238842615e-11
D3_scaling,1e-10,40,64,50,50,0,1,2312,142,10.5,256.686999928206,245.307274919469,274.323375080712,1.03659543142221,0.825182723842615,5.91642115661562e-11
D3_scaling,1e-10,40,128,50,50,0,1,4622,206,10,461.627549957484,442.270300118252,480.691699893214,1.01855543511586,0.813328294251143,6.07418746489817e-11
