scenario,method,n_total,n_valid,n_failed,success_rate,failure_rate,rmse_ms_median,rmse_ms_q25,rmse_ms_q75,rmse_median_iqr_ms,mae_ms_median,p95_abs_error_ms_median,gamma_rmse_ppm_median,kappa_rmse_ms_median,runtime_s_median,runtime_median_ms,n_pairs,paired_median_difference_ols_minus_robust_ms,robust_win_rate,rank_biserial_ols_minus_robust,wilcoxon_p_raw,wilcoxon_p_holm,holm_significant_0_05
clean,Joint Huber,50,50,0,1,0,0.10756752486312,0.10538432594508,0.109758717515234,"0.107568 [0.105384, 0.109759]",0.0858811741077791,0.209297265192932,0.702598272067819,0.0510342750285118,0.0021501999581232,2.1501999581232,50,-0.000467506345984497,0.34,-0.391372549019608,0.0153120475138415,0.0153120475138415,True
clean,Joint LAD,50,50,0,1,0,0.110952659608939,0.107956609822834,0.11560337373034,"0.110953 [0.107957, 0.115603]",0.0886859261098975,0.21718780773643,0.847171867568097,0.0634239926306565,0.0035854500019922,3.5854500019922,50,-0.0034510976041935,0.14,-0.868235294117647,2.12467732296773e-09,6.37403196890318e-09,True
clean,Joint OLS,50,50,0,1,0,0.106644451177596,0.104916101098147,0.109313998111852,"0.106644 [0.104916, 0.109314]",0.0853823537276598,0.208509545519319,0.719936029545782,0.0461087954411696,0.0005906501319259,0.5906501319259,,,,,,,
clean,Joint RANSAC,50,50,0,1,0,0.116462307874107,0.110704861685439,0.124724224377447,"0.116462 [0.110705, 0.124724]",0.0922208007328345,0.226316879976984,1.20448238162273,0.084458285942062,1.12135724991094,1121.35724991094,50,-0.00857793744578625,0.02,-0.99843137254902,3.5527136788005e-15,2.48689957516035e-14,True
clean,Joint Tukey,50,48,2,0.96,0.04,0.107635747516108,0.105644710273245,0.110010270656953,"0.107636 [0.105645, 0.110010]",0.0857752637835877,0.210129399495518,0.7012919992659,0.050799959692905,0.0028711501508951,2.8711501508951,48,-0.000757438515550504,0.3125,-0.608843537414966,0.000139675559765351,0.000279351119530702,True
nominal,Joint Huber,50,50,0,1,0,1.09617482672479,1.06406777312908,1.12867545059654,"1.096175 [1.064068, 1.128675]",0.876743257483486,2.13747603530124,8.84109723031679,0.602120419359276,0.0030392500339075,3.0392500339075,50,2.82765923339962,1,1,1.77635683940025e-15,2.1316282072803e-14,True
nominal,Joint LAD,50,50,0,1,0,1.11108500606088,1.08948603998173,1.17345940366501,"1.111085 [1.089486, 1.173459]",0.889481334559878,2.16283528724315,10.3103033794869,0.69254439952838,0.0033750000875443,3.3750000875443,50,2.82217387010671,1,1,1.77635683940025e-15,2.1316282072803e-14,True
nominal,Joint OLS,50,50,0,1,0,3.94349753064486,3.49351072647499,4.37200775249705,"3.943498 [3.493511, 4.372008]",3.2802723162896,7.71451010978772,71.6142398257605,4.82579763478149,0.0006440500728785,0.6440500728785,,,,,,,
nominal,Joint RANSAC,50,50,0,1,0,1.08361217234769,1.05643029383883,1.10884913532995,"1.083612 [1.056430, 1.108849]",0.863770965230024,2.11070838261094,8.4457728929443,0.538599177354609,1.14456759998575,1144.56759998575,50,2.85528050398405,1,1,1.77635683940025e-15,2.1316282072803e-14,True
nominal,Joint Tukey,50,37,13,0.74,0.26,1.09371835631993,1.05907291551065,1.13384515679987,"1.093718 [1.059073, 1.133845]",0.872050188947089,2.14851474882032,9.53616694119724,0.594587756695292,0.0043055000714957,4.3055000714957,37,2.76487998592888,1,1,1.45519152283669e-11,7.27595761418343e-11,True
stress,Joint Huber,50,50,0,1,0,5.81866412688096,5.56496229235981,6.12590041029525,"5.818664 [5.564962, 6.125900]",4.65464036836497,11.4724093450023,62.2540062516453,4.17779736357116,0.0039632999105378,3.9632999105378,50,8.32224389866868,1,1,1.77635683940025e-15,2.1316282072803e-14,True
stress,Joint LAD,50,50,0,1,0,6.02195282607982,5.72803896536727,6.38105277664388,"6.021953 [5.728039, 6.381053]",4.81447495857699,11.8176029295947,70.5169083456914,4.42587289138133,0.0029701000312343,2.9701000312343,50,8.27742494739226,1,1,1.77635683940025e-15,2.1316282072803e-14,True
stress,Joint OLS,50,50,0,1,0,14.275882650832,12.4575471736073,16.3690463016082,"14.275883 [12.457547, 16.369046]",11.3976871554867,28.8427234672843,291.842443743753,18.5561438027664,0.0006627500988542,0.6627500988542,,,,,,,
stress,Joint RANSAC,50,50,0,1,0,5.82166302282156,5.50368869793896,6.70364090442377,"5.821663 [5.503689, 6.703641]",4.63465774307569,11.3897955610916,65.5322010358184,4.07738415215591,1.20356534991879,1203.56534991879,50,8.04711140158437,0.98,0.99843137254902,3.5527136788005e-15,2.48689957516035e-14,True
stress,Joint Tukey,50,32,18,0.64,0.36,5.794515155224,5.51752409886069,5.9623682680124,"5.794515 [5.517524, 5.962368]",4.60059207596401,11.1709305836953,58.7062495779544,3.52547160400303,0.0043852500384673,4.3852500384673,32,8.25272439811808,1,1,4.65661287307739e-10,1.86264514923096e-09,True
