scenario,method,n_total,n_valid,n_failed,success_rate,rmse_ms_median,rmse_ms_q25,rmse_ms_q75,mae_ms_median,p95_abs_error_ms_median,gamma_rmse_ppm_median,kappa_rmse_ms_median,runtime_s_median
clean,Joint Huber,50,50,0,1,0.10756752486312,0.10538432594508,0.109758717515234,0.0858811741077791,0.209297265192932,0.702598272067819,0.0510342750285118,0.0021501999581232
clean,Joint LAD,50,50,0,1,0.110952659608939,0.107956609822834,0.11560337373034,0.0886859261098975,0.21718780773643,0.847171867568097,0.0634239926306565,0.00358545000199225
clean,Joint OLS,50,50,0,1,0.106644451177596,0.104916101098147,0.109313998111852,0.0853823537276598,0.208509545519319,0.719936029545782,0.0461087954411696,0.0005906501319259
clean,Joint RANSAC,50,50,0,1,0.116462307874107,0.110704861685439,0.124724224377447,0.0922208007328345,0.226316879976984,1.20448238162273,0.084458285942062,1.12135724991094
clean,Joint Tukey,50,48,2,0.96,0.107635747516108,0.105644710273245,0.110010270656953,0.0857752637835877,0.210129399495518,0.7012919992659,0.050799959692905,0.0028711501508951
nominal,Joint Huber,50,50,0,1,1.09617482672479,1.06406777312908,1.12867545059654,0.876743257483486,2.13747603530124,8.84109723031679,0.602120419359276,0.0030392500339075
nominal,Joint LAD,50,50,0,1,1.11108500606088,1.08948603998173,1.17345940366501,0.889481334559878,2.16283528724315,10.3103033794869,0.69254439952838,0.0033750000875443
nominal,Joint OLS,50,50,0,1,3.94349753064486,3.49351072647499,4.37200775249705,3.2802723162896,7.71451010978772,71.6142398257605,4.82579763478149,0.00064405007287855
nominal,Joint RANSAC,50,50,0,1,1.08361217234769,1.05643029383883,1.10884913532995,0.863770965230024,2.11070838261094,8.4457728929443,0.538599177354609,1.14456759998575
nominal,Joint Tukey,50,37,13,0.74,1.09371835631993,1.05907291551065,1.13384515679987,0.872050188947089,2.14851474882032,9.53616694119724,0.594587756695292,0.0043055000714957
stress,Joint Huber,50,50,0,1,5.81866412688096,5.56496229235981,6.12590041029525,4.65464036836497,11.4724093450023,62.2540062516453,4.17779736357116,0.00396329991053785
stress,Joint LAD,50,50,0,1,6.02195282607982,5.72803896536727,6.38105277664388,4.81447495857699,11.8176029295947,70.5169083456914,4.42587289138133,0.0029701000312343
stress,Joint OLS,50,50,0,1,14.275882650832,12.4575471736073,16.3690463016082,11.3976871554867,28.8427234672843,291.842443743753,18.5561438027664,0.00066275009885425
stress,Joint RANSAC,50,50,0,1,5.82166302282156,5.50368869793896,6.70364090442377,4.63465774307569,11.3897955610916,65.5322010358184,4.07738415215591,1.20356534991879
stress,Joint Tukey,50,32,18,0.64,5.794515155224,5.51752409886069,5.9623682680124,4.60059207596401,11.1709305836953,58.7062495779544,3.52547160400303,0.0043852500384673
