scenario,robust_method,n_pairs,paired_ols_rmse_ms_median,paired_robust_rmse_ms_median,paired_median_difference_ols_minus_robust_ms,robust_win_rate,rank_biserial_ols_minus_robust,wilcoxon_p_raw,wilcoxon_p_holm,holm_significant_0_05
clean,Joint Huber,50,0.106644451177596,0.10756752486312,-0.000467506345984497,0.34,-0.391372549019608,0.0153120475138415,0.0153120475138415,True
clean,Joint LAD,50,0.106644451177596,0.110952659608939,-0.0034510976041935,0.14,-0.868235294117647,2.12467732296773e-09,6.37403196890318e-09,True
clean,Joint RANSAC,50,0.106644451177596,0.116462307874107,-0.00857793744578625,0.02,-0.99843137254902,3.5527136788005e-15,2.48689957516035e-14,True
clean,Joint Tukey,48,0.106644451177596,0.107635747516108,-0.000757438515550504,0.3125,-0.608843537414966,0.000139675559765351,0.000279351119530702,True
nominal,Joint Huber,50,3.94349753064486,1.09617482672479,2.82765923339962,1,1,1.77635683940025e-15,2.1316282072803e-14,True
nominal,Joint LAD,50,3.94349753064486,1.11108500606088,2.82217387010671,1,1,1.77635683940025e-15,2.1316282072803e-14,True
nominal,Joint RANSAC,50,3.94349753064486,1.08361217234769,2.85528050398405,1,1,1.77635683940025e-15,2.1316282072803e-14,True
nominal,Joint Tukey,37,3.89997420813769,1.09371835631993,2.76487998592888,1,1,1.45519152283669e-11,7.27595761418343e-11,True
stress,Joint Huber,50,14.275882650832,5.81866412688096,8.32224389866868,1,1,1.77635683940025e-15,2.1316282072803e-14,True
stress,Joint LAD,50,14.275882650832,6.02195282607982,8.27742494739226,1,1,1.77635683940025e-15,2.1316282072803e-14,True
stress,Joint RANSAC,50,14.275882650832,5.82166302282156,8.04711140158437,0.98,0.99843137254902,3.5527136788005e-15,2.48689957516035e-14,True
stress,Joint Tukey,32,14.275882650832,5.794515155224,8.25272439811808,1,1,4.65661287307739e-10,1.86264514923096e-09,True
