participant,scenario,method,participant_median_macro_rmse_ms,participant_median_macro_mae_ms
S10,clean,Joint Huber,0.10671294285894625,0.0852482115045074
S10,clean,Joint OLS,0.10637725839099665,0.08508358104778055
S10,clean,Offset-only,85.73436320412438,72.81493639357365
S10,clean,Raw,181.19213922410262,161.6681405435516
S10,nominal,Joint Huber,1.0996713586454305,0.879208805168123
S10,nominal,Joint OLS,6.2114738243956324,5.252298140838904
S10,nominal,Offset-only,84.84954541309853,72.21201303512608
S10,nominal,Raw,215.9758773040399,199.23873689565474
S10,stress,Joint Huber,6.28928672129346,5.080812371452921
S10,stress,Joint OLS,19.616382820309774,16.828411497598626
S10,stress,Offset-only,408.45044384313246,346.9883062744655
S10,stress,Raw,844.5467744959229,738.7027562007224
S11,clean,Joint Huber,0.1069082366280419,0.0854645421475036
S11,clean,Joint OLS,0.106309580066961,0.08494090048361874
S11,clean,Offset-only,78.7766319292408,66.70911168069514
S11,clean,Raw,190.1421767030793,178.77515883153632
S11,nominal,Joint Huber,1.0963613896966957,0.8764733510551039
S11,nominal,Joint OLS,5.570622078900831,4.781602282995314
S11,nominal,Offset-only,87.31891557045907,73.5622114502825
S11,nominal,Raw,190.26998467133336,176.24279129867102
S11,stress,Joint Huber,6.083835033112354,4.915064915777747
S11,stress,Joint OLS,19.22794735677673,16.595953153246864
S11,stress,Offset-only,403.1323985327572,342.1942738813332
S11,stress,Raw,837.8456191901712,746.0584613993058
S13,clean,Joint Huber,0.1068693435016839,0.0853874863515358
S13,clean,Joint OLS,0.10605376098450585,0.08474283773641875
S13,clean,Offset-only,78.13708206896612,66.60196745643674
S13,clean,Raw,202.6372571347011,188.76808252206956
S13,nominal,Joint Huber,1.1032916735107192,0.8801471825908869
S13,nominal,Joint OLS,6.1283989084382835,5.104913292767047
S13,nominal,Offset-only,82.26612568014137,69.99749723967656
S13,nominal,Raw,198.50350440750856,187.75855206078364
S13,stress,Joint Huber,6.038095123995612,4.854141629154803
S13,stress,Joint OLS,18.709559702228184,16.07487202367419
S13,stress,Offset-only,436.8989767399029,371.7271535452476
S13,stress,Raw,921.3583974836772,828.2175727406055
S14,clean,Joint Huber,0.1060197976165467,0.08449778847276435
S14,clean,Joint OLS,0.1050857482454602,0.0839149617281624
S14,clean,Offset-only,85.734321171411,73.08502444327871
S14,clean,Raw,214.10932153376578,194.5045326740128
S14,nominal,Joint Huber,1.0901753488282546,0.8716188981387472
S14,nominal,Joint OLS,5.54565979845686,4.745251808364631
S14,nominal,Offset-only,87.88895143736782,74.94667550835472
S14,nominal,Raw,201.50829257076904,193.7771337523949
S14,stress,Joint Huber,6.123545376934448,4.926551118185953
S14,stress,Joint OLS,18.118712371303232,15.211478320253425
S14,stress,Offset-only,458.44761858946606,387.6735920732131
S14,stress,Raw,812.9257374737556,715.0496074849725
S15,clean,Joint Huber,0.10670024762998825,0.08525703772580825
S15,clean,Joint OLS,0.10672646058277474,0.08533564503093849
S15,clean,Offset-only,80.54457067989159,68.80161279969971
S15,clean,Raw,189.49982143143663,176.32096417645795
S15,nominal,Joint Huber,1.1012499322877778,0.8810529104160891
S15,nominal,Joint OLS,5.812004001138389,4.990194144366695
S15,nominal,Offset-only,83.66337101607411,71.64805891066163
S15,nominal,Raw,193.62392830890676,178.19981233470975
S15,stress,Joint Huber,6.020885515210297,4.831688524311325
S15,stress,Joint OLS,18.837612105880858,16.48059545290056
S15,stress,Offset-only,411.657945684644,351.6983925440341
S15,stress,Raw,867.2283558734832,756.9817497988315
S16,clean,Joint Huber,0.10639074965672735,0.0849602309744188
S16,clean,Joint OLS,0.1057109771618212,0.0843870205657176
S16,clean,Offset-only,93.5770522762831,79.70918435964472
S16,clean,Raw,210.47997915896184,193.3755538179437
S16,nominal,Joint Huber,1.0954787549043556,0.872868757353193
S16,nominal,Joint OLS,6.146163387650346,5.2271996715987905
S16,nominal,Offset-only,93.77811120930957,80.1176701161357
S16,nominal,Raw,195.33523381106284,178.035781515793
S16,stress,Joint Huber,6.109833102565542,4.903725607210983
S16,stress,Joint OLS,17.702701455971003,15.08186794194975
S16,stress,Offset-only,460.38674282724395,391.2633431359309
S16,stress,Raw,914.4961652253696,821.275484251034
S17,clean,Joint Huber,0.1055048679988983,0.0842210473735299
S17,clean,Joint OLS,0.10574911384709205,0.08448638205508899
S17,clean,Offset-only,88.83716697305535,75.71505136109889
S17,clean,Raw,219.61551879135442,204.40265764125795
S17,nominal,Joint Huber,1.096525356778356,0.8766754388200171
S17,nominal,Joint OLS,6.024966758590395,5.066300176049923
S17,nominal,Offset-only,89.18764117165298,75.99296638498787
S17,nominal,Raw,220.35908849185796,200.52690207940333
S17,stress,Joint Huber,6.204803695042756,4.978166239394923
S17,stress,Joint OLS,19.431632017889086,16.53335230343072
S17,stress,Offset-only,452.25965429058647,386.5051785516831
S17,stress,Raw,920.9095824354362,812.5358542470011
S2,clean,Joint Huber,0.10826523154679604,0.08653649005728295
S2,clean,Joint OLS,0.10753797650049585,0.08603355163305325
S2,clean,Offset-only,106.45736895045127,87.78094701998822
S2,clean,Raw,204.28344949227196,184.2606187886276
S2,nominal,Joint Huber,1.0999811974110676,0.8800503302354572
S2,nominal,Joint OLS,6.252030415715495,5.277042516868525
S2,nominal,Offset-only,111.4109380556244,92.40769026276668
S2,nominal,Raw,206.0053800711335,188.6898601919081
S2,stress,Joint Huber,6.330173438157988,5.118944664788333
S2,stress,Joint OLS,19.174978914296265,16.867091223248345
S2,stress,Offset-only,539.9774061085599,446.0799342514706
S2,stress,Raw,955.4512198219403,846.4734961508161
S3,clean,Joint Huber,0.10646553845451129,0.08503858550170376
S3,clean,Joint OLS,0.1058742465687431,0.08446418878592846
S3,clean,Offset-only,104.56379548360886,89.45341464879706
S3,clean,Raw,222.54050989926213,205.67182065391472
S3,nominal,Joint Huber,1.1098678105026885,0.8880694970704872
S3,nominal,Joint OLS,6.327077846226601,5.299776749701358
S3,nominal,Offset-only,101.37711184910674,86.10831162982439
S3,nominal,Raw,223.1633584138182,207.32665817966415
S3,stress,Joint Huber,5.953893047782446,4.783455263345508
S3,stress,Joint OLS,17.333339517073455,15.191059778152397
S3,stress,Offset-only,503.4103124934089,425.64509691584135
S3,stress,Raw,971.7289398235945,877.4399672398088
S4,clean,Joint Huber,0.1078328539214462,0.0861657447464807
S4,clean,Joint OLS,0.10716592530611685,0.0857792788985582
S4,clean,Offset-only,98.52787480511692,83.94585133740298
S4,clean,Raw,221.63650218951932,204.3323296525617
S4,nominal,Joint Huber,1.1012064773290486,0.8813679058507797
S4,nominal,Joint OLS,6.261189313471407,5.31275507082138
S4,nominal,Offset-only,103.43207758610866,88.16886876419115
S4,nominal,Raw,210.9405121085739,200.43749510648655
S4,stress,Joint Huber,6.033311840448606,4.872206214613337
S4,stress,Joint OLS,19.312388986945223,16.743043010377068
S4,stress,Offset-only,489.7387018060898,420.4288285738903
S4,stress,Raw,953.2251008900882,831.5333881513443
S5,clean,Joint Huber,0.10765866327204675,0.08613617298582305
S5,clean,Joint OLS,0.10706055960422685,0.08554167396494641
S5,clean,Offset-only,96.12060262469211,82.12410226321805
S5,clean,Raw,207.95403415682927,193.2466588874084
S5,nominal,Joint Huber,1.0949371137433928,0.8754118750779571
S5,nominal,Joint OLS,5.91512621285306,5.084283713651644
S5,nominal,Offset-only,104.90231478711354,90.2556224160694
S5,nominal,Raw,220.40078156831902,202.4308269496896
S5,stress,Joint Huber,6.230090567450308,5.025926006848621
S5,stress,Joint OLS,18.792981397877895,16.526383462753394
S5,stress,Offset-only,482.18558786569724,411.5528437001267
S5,stress,Raw,879.657894140312,782.3462837754546
S6,clean,Joint Huber,0.10590350978365981,0.08453693842153334
S6,clean,Joint OLS,0.10578979204340286,0.08438404503732465
S6,clean,Offset-only,113.69697143557761,97.8084795417612
S6,clean,Raw,235.09807442718335,208.06740321530413
S6,nominal,Joint Huber,1.0997826565817304,0.8779064667737777
S6,nominal,Joint OLS,6.296996357063915,5.280595133181345
S6,nominal,Offset-only,109.57342353336489,93.8828367484208
S6,nominal,Raw,236.85394892048524,219.26289128199187
S6,stress,Joint Huber,6.131147023112525,4.931268279609555
S6,stress,Joint OLS,19.190549350618546,16.590090552701273
S6,stress,Offset-only,536.4984049906365,456.6172084244748
S6,stress,Raw,1095.4388096787447,951.3771628267316
S7,clean,Joint Huber,0.1064953643746304,0.08508734509158425
S7,clean,Joint OLS,0.10602034247991965,0.0846491118962691
S7,clean,Offset-only,76.55460011077406,65.23708741955643
S7,clean,Raw,193.53531279490218,179.45916053785209
S7,nominal,Joint Huber,1.105461105002366,0.8840850297631069
S7,nominal,Joint OLS,6.320810707341403,5.27334508370061
S7,nominal,Offset-only,83.45349096276446,70.99559355592658
S7,nominal,Raw,192.1321816624615,176.5312841183903
S7,stress,Joint Huber,6.107864919880225,4.914962027107514
S7,stress,Joint OLS,17.632348596963272,15.330573248283415
S7,stress,Offset-only,388.1486222777314,331.0992982062022
S7,stress,Raw,799.039466349659,707.7039048881763
S8,clean,Joint Huber,0.10626795658084655,0.08481750288150755
S8,clean,Joint OLS,0.10593857499961404,0.08458297845854265
S8,clean,Offset-only,81.89370435283112,69.84669235766758
S8,clean,Raw,195.71702665416888,180.10219137802707
S8,nominal,Joint Huber,1.095253196967172,0.8755061941810689
S8,nominal,Joint OLS,5.743603169736629,4.881349858471816
S8,nominal,Offset-only,84.17730796555996,71.7502962543982
S8,nominal,Raw,200.1800033431727,181.13649050366058
S8,stress,Joint Huber,6.324682114194006,5.073540083602399
S8,stress,Joint OLS,19.86721517949112,16.83825515052947
S8,stress,Offset-only,381.59554694119674,322.92483203182167
S8,stress,Raw,796.2202898226228,722.1120496819535
S9,clean,Joint Huber,0.10648174572328915,0.08510153386442601
S9,clean,Joint OLS,0.10610086610172101,0.08466282637159794
S9,clean,Offset-only,80.57137112572514,68.41115428581432
S9,clean,Raw,185.07715111190706,174.42119648176796
S9,nominal,Joint Huber,1.0951222659875448,0.878880466799518
S9,nominal,Joint OLS,6.1334338508152015,5.36356003110261
S9,nominal,Offset-only,82.01864789281987,69.05231797463979
S9,nominal,Raw,206.65726030827727,190.01118595591169
S9,stress,Joint Huber,6.125496236841966,4.9282962301679945
S9,stress,Joint OLS,17.951956981053158,15.513963139128688
S9,stress,Offset-only,447.6928615004448,378.3625998305851
S9,stress,Raw,799.6847415420311,714.2538074697752
