reference,condition,n_total,n_converged,convergence_rate,rmse_ms_median,rmse_ms_q25,rmse_ms_q75,mae_ms_median,p95_abs_error_ms_median,gamma_rmse_ppm_median,kappa_rmse_ms_median,sigma_min_median,condition_median,iterations_median
EDA,reference_clean,50,50,1,0.106597107460155,0.104140191251125,0.109443073492492,0.0848734726236103,0.209572381331746,0.617907941719179,0.0502761198930934,0.708498551082766,473.366018412167,10
EDA,reference_systematically_contaminated,50,50,1,10.8931750524692,10.7068945089355,11.1166667091848,8.61494186183315,19.4789665769729,315.446948175277,18.9025558495517,0.243545160846071,1387.94447815606,14.5
EEG,reference_clean,50,50,1,0.106223519129681,0.103765898908779,0.109800914254747,0.0847933566869637,0.208862362840145,0.659261681772278,0.0498220754347831,0.706326703301901,475.888947801177,10
EEG,reference_systematically_contaminated,50,50,1,10.8894122184239,10.7105154797255,11.0279614595003,8.61738782574218,19.5141191641857,314.825803916214,18.8640122938697,0.244041804029183,1383.86325990213,14
HMD,reference_clean,50,50,1,0.106691543271055,0.104731616841378,0.109896829437195,0.085124429589103,0.210313267893669,0.669295697101959,0.0519347167650275,0.703873267701516,475.892536753943,10
HMD,reference_systematically_contaminated,50,50,1,10.8910606760869,10.6742955594039,11.0920203465972,8.60427141890386,19.5173338443294,315.120985751149,18.9402218593982,0.243126434984392,1385.51809504907,14.5
IMU,reference_clean,50,50,1,0.106767581328296,0.104521909383868,0.109730571782509,0.0851016802117808,0.209696962856054,0.675922823963371,0.0451834872472342,0.706420989909679,475.132206342286,10.5
IMU,reference_systematically_contaminated,50,50,1,10.9290580467009,10.7049984557492,11.0594643635156,8.62252647646328,19.5940993836534,315.009373376209,18.7579231274032,0.243361769798282,1388.16003583111,14
PPG,reference_clean,50,50,1,0.107745639518429,0.104339119255653,0.110158242457981,0.0862000274346388,0.210318684283095,0.64761979871739,0.0497223428114034,0.705716254417037,476.44569119351,10
PPG,reference_systematically_contaminated,50,50,1,10.8798761021749,10.7371347030213,11.1233176158158,8.60349392465191,19.5158016625265,315.987411235693,18.9724618610865,0.243616775756999,1386.36707960166,14
REF_EVENT,reference_clean,50,50,1,0.106873647383241,0.104200677181973,0.10886856104421,0.0851444385793618,0.209131634026427,0.642188073561427,0.0487030839923698,0.705516386377789,476.064260920757,10
REF_EVENT,reference_systematically_contaminated,50,50,1,10.890622300952,10.7402857194222,11.1042608746074,8.61807588715473,19.4921455636445,316.014975539583,18.9552472557161,0.243171771758338,1388.55666672588,14
