dataset,scenario,baseline,n_participants,baseline_median_rmse_ms,huber_median_rmse_ms,median_paired_improvement_ms,bootstrap_ci95_low_ms,bootstrap_ci95_high_ms,relative_rmse_reduction_pct,huber_subject_win_rate,rank_biserial_effect,wilcoxon_p_raw,wilcoxon_p_holm
Harvard,clean,Joint OLS,10,0.1041458455610333,0.10495309169906444,-0.00035544507289195226,-0.0009923300051249,-0.00024241519654225746,-0.7751112237675036,0.1,-0.9636363636363636,0.00390625,0.01171875
Harvard,clean,Offset-only,10,19.91281330615393,0.10495309169906444,19.808084461292378,18.433762112083976,21.289301283245102,99.47293689703488,1.0,1.0,0.001953125,0.01171875
Harvard,nominal,Joint OLS,10,4.051823796211327,1.0643681515537247,2.9904148432736215,2.86318354024286,3.0946569383578364,73.73113429688215,1.0,1.0,0.001953125,0.01171875
Harvard,nominal,Offset-only,10,20.83730362576216,1.0643681515537247,19.773380330149255,18.7320327192521,21.479988625210087,94.89200632351589,1.0,1.0,0.001953125,0.01171875
Harvard,stress,Joint OLS,10,15.189657995921651,5.712573191866033,9.49993135298706,8.997537572304289,9.699270009875267,62.39169312831249,1.0,1.0,0.001953125,0.01171875
Harvard,stress,Offset-only,10,98.2516936248754,5.712573191866033,92.56196698194083,88.71305052783484,101.8992356277731,94.185776365671,1.0,1.0,0.001953125,0.01171875
WESAD,clean,Joint OLS,15,0.1060537609845058,0.1064953643746304,-0.0005912918857681054,-0.0006797724949060974,-0.0003356844679495985,-0.41639578457677623,0.1333333333333333,-0.9333333333333332,0.00042724609375,0.00042724609375
WESAD,clean,Offset-only,15,85.73436320412438,0.1064953643746304,85.62830137379446,80.4378704322616,98.42004195119547,99.8757845041421,1.0,1.0,6.103515625e-05,0.0003662109375
WESAD,nominal,Joint OLS,15,6.1334338508152015,1.0996713586454303,5.038311584827657,4.820189099109667,5.159982836142358,82.07086950975639,1.0,1.0,6.103515625e-05,0.0003662109375
WESAD,nominal,Offset-only,15,87.88895143736782,1.0996713586454303,86.79877608853957,83.08205476859278,102.33087110877962,98.74879454054123,1.0,1.0,6.103515625e-05,0.0003662109375
WESAD,stress,Joint OLS,15,18.837612105880854,6.123545376934448,12.816726590670557,11.995166994368784,13.22682832284633,67.49298508475627,1.0,1.0,6.103515625e-05,0.0003662109375
WESAD,stress,Offset-only,15,452.25965429058647,6.123545376934448,446.0548505955437,402.161157121839,483.7053899656412,98.64601113125163,1.0,1.0,6.103515625e-05,0.0003662109375
