scenario,method,session1_median_macro_rmse_ms,session2_median_macro_rmse_ms,absolute_session_difference_ms,relative_session_difference_pct
clean,Joint Huber,0.1046446249765002,0.10491831287792384,0.00027368790142363875,0.2615403337582797
clean,Joint OLS,0.10410654305224755,0.10391518460193615,0.00019135845031140186,0.18381020510436652
clean,Offset-only,18.396147731165666,20.99735992875555,2.6012121975898843,14.139983194324236
clean,Raw,139.21945268276403,117.5859186135271,21.63353406923693,15.539160406364143
nominal,Joint Huber,1.0575529839165934,1.0528974806018767,0.004655503314716647,0.4402146639949167
nominal,Joint OLS,4.179035400180025,4.160977944028756,0.018057456151268525,0.4320962715580405
nominal,Offset-only,18.584920898807837,18.905157839496077,0.3202369406882397,1.723100907622275
nominal,Raw,129.82580146112542,125.7160200865172,4.109781374608218,3.1656121728921787
stress,Joint Huber,5.768456873960243,5.64577646366914,0.12268041029110321,2.1267457306459656
stress,Joint OLS,15.513083022406104,14.978535263792038,0.5345477586140657,3.4457867455617888
stress,Offset-only,91.80787394707906,92.6729641101636,0.8650901630845453,0.94228318976563
stress,Raw,305.03330506453165,322.34468020084455,17.311375136312904,5.6752409815218625
